year,month,maker,model,vama_class,seats,units,units_ytd
2026,7,THACO TRUCK,Truck,Light truck,2 seats,1817,14336
2026,7,Toyota,Yaris Cross,SUV,5 seats,1503,8542
2026,7,THACO MAZDA,CX-5,Crossover,5 seats,1229,9352
2026,7,Mitsubishi,Xforce,SUV,5 seats,1170,7469
2026,7,Honda Honda,CITY,Sedan,5 seats,1034,4556
2026,7,Ford,Territory,MPV,5 seats,980,7124
2026,7,Isuzu,Truck,Other Truck,3 seats,973,5906
2026,7,Toyota,Vios,Sedan,5 seats,968,5517
2026,7,Mitsubishi,Xpander (CBU),MPV,7 seats,942,7145
2026,7,Toyota,Veloz Cross,MPV,7 seats,899,5996
2026,7,Ford,Everest,SUV,7 seats,849,6950
2026,7,THACO KIA,Seltos,Crossover,5 seats,742,5271
2026,7,Mitsubishi,Destinator,SUV,7 seats,725,5914
2026,7,Toyota,Hilux,Pick-up,5 seats,718,4699
2026,7,Ford,Ranger CKD,Pick-up,5 seats,711,6270
2026,7,Toyota,Innova Cross,MPV,8 seats,681,3793
2026,7,THACO KIA,Sonet,Crossover,5 seats,638,4619
2026,7,THACO MAZDA,Mazda2,Sedan,5 seats,560,3152
2026,7,Toyota,Corolla Cross Hybrid,Hybrid,5 seats,472,3272
2026,7,THACO KIA,Carnival,MPV,7 seats,461,2775
2026,7,THACO KIA,Sportage,SUV,5 seats,433,1371
2026,7,THACO KIA7. VA,CMareAnssendtomedia_July26,SUV,Pa7g seeats 1,426,
2026,7,Honda,HR-V,SUV,5 seats,387,2261
2026,7,Toyota,Innova Cross Hybrid,Hybrid,7 seats,365,2876
2026,7,Ford,Transit,Minibus,16 seats,321,2252
2026,7,THACO MAZDA,CX-8,SUV,7 seats,305,2086
2026,7,Toyota,Yaris Cross Hybrid,Hybrid,5 seats,278,1385
2026,7,Honda,BR-V,MPV,7 seats,262,1532
2026,7,Ford,Ranger CBU,Pick-up,5 seats,262,1689
2026,7,Suzuki,Super Carry Pro,Small truck,2 seats,212,1707
2026,7,Honda,CR-V Hybrid (2026),Hybrid,5 seats,202,2033
2026,7,THACO MAZDA,Mazda3,Sedan,5 seats,194,1760
2026,7,Toyota,Wigo,Sedan,5 seats,194,397
2026,7,JMC,IZ,Light truck,,190,1363
2026,7,Hino,HINO,Other Truck,3 seats,184,1851
2026,7,Toyota,Fortuner (CBU),SUV,7 seats,178,781
2026,7,Toyota,Corolla Cross,SUV,5 seats,176,1087
2026,7,Toyota,Raize,SUV,5 seats,142,1694
2026,7,Mitsubishi,Triton,Pick-up,5 seats,141,1681
2026,7,Mitsubishi,Xpander (CKD),MPV,7 seats,141,1729
2026,7,Honda,CR-V,SUV,7 seats,132,1855
2026,7,THACO PREMIUM,Peugeot,Peugeot,7 seats,131,801
2026,7,BUS THACO,Bus,Large bus,12 ~ 45 seats,130,1193
2026,7,THACO KIA,Sorento,SUV,7 seats,123,686
2026,7,Suzuki,XL7 Hybrid,Hybrid,7 seats,122,1117
2026,7,Suzuki,Fronx,SUV,5 seats,121,765
2026,7,THACO MAZDA,CX-3,SUV,5 seats,118,707
2026,7,THACO MAZDA,CX-30,SUV,5 seats,115,714
2026,7,Mitsubishi,Attrage,Sedan,5 seats,97,814
2026,7,Toyota,Camry Hybrid,Hybrid,5 seats,91,575
2026,7,Honda,HR-V Hybrid,Hybrid 5 seats,,78,723
2026,7,Toyota,Landcruiser,SUV,7 seats,72,449
2026,7,Missu Tải,Missu,Small truck,,58,166
2026,7,Isuzu,D-Max,Pick-up,5 seats,55,425
2026,7,Suzuki,Swift,Hatchback,5 seats,42,197
2026,7,Suzuki,EECO,Van,2 seats,38,409
2026,7,Toyota,Land Prado,SUV,7 seats,37,232
2026,7,THACO MAZDA,Xe khác,SUV,,36,84
2026,7,Toyota,Avanza Premio CKD,MPV,7 seats,35,462
2026,7,Honda,Civic,Sedan,5 seats,33,159
2026,7,Suzuki,Jimny,SUV,4 seats,33,187
2026,7,Toyota,Land Cruiser FJ,SUV,5 seats,30,30
2026,7,Toyota,Alphard Hybrid,Hybrid,7 seats,27,204
2026,7,Isuzu,mu-X,SUV,7 seats,18,100
2026,7,Isuzu,Bus Chassis,Chassis,,12,83
2026,7,Ford,Mach-E,BEV,5 seats,6,76
2026,7,SAMCO,SAMCO 24 CN ~ 46CN,Medium bus,27 seats,5,37
2026,7,YUCHAI YCS06 270,YCS06 GR29S06,Medium bus,29 seats,2,5
2026,7,YUCHAI YCK11 410,LIMOUSINE GR26-YCK11,Medium bus,26 seats,2,3
2026,7,VIDABUS,G12,Large bus,47 seats,1,26
2026,7,VIDABUS,G8,Large bus,29-34 seats,1,6
2026,7,Honda,Civic Hybrid,Hybrid,5 seats,1,314
2026,7,VIDABUS,GVD090,City bus,60 seats,,1
2026,7,Daewoo Truck,HC/HU,Light truck,,,2
2026,7,Daewoo Truck,CL4TF/CL4T8/CL4DF,Light truck,,,18
2026,7,Missu Van,Missu,Van,,,36
2026,7,NGVANG NS700 + DV,8D0O0NGVANG NS700,Light truck,2~3,,153
2026,7,YUCHAI YCK05 248,YCK05 GR24S,Medium bus,24 seats,,2
2026,7,YUCHAI YCK05 248,UNIVERSE K29S-YCK05,Medium bus,29 seats,,2
2026,7,YUCHAI YCK11 410,LIMOUSINE GR24W-YCK11,Medium bus,24 seats,,3
2026,7,YUCHAI 6MK 385,UNIVERSE K47S-YE5,Large bus,47 seats,,2
2026,7,Honda,Civic TypeR,Others,5 seats,,1
2026,7,THACO KIA,Xe khác,Others,5 seats,,931
2026,7,SAMCO,Hooklift,Hooklift (SPV),3 seats,,3
2026,7,SAMCO,Fire truck,Fire fighting truck (SPV),7 seats,,2
2026,7,SAMCO,Vaccum tank truck,Vaccum tank truck (SPV),3 seats,,4
2026,7,SAMCO,Garbage compactor truck,Garbage compactor truck (SPV),3 seats,,4
2026,7,SAMCO,SAMCO B40 ~ B80,Large bus,40 seats,,70
2026,7,Toyota,Alphard,MPV,7 seats,,11
2026,7,Toyota,Fortuner,SUV,7 seats,,183
2026,7,Toyota,Corolla Hybrid,Hybrid,6 seats,,2
2026,7,Toyota,Corolla,Sedan,5 seats,,14
2026,7,Toyota,Camry,Sedan,5 seats,,75
2026,7,Mitsubishi,Pajero Sport,SUV,7 seats,,81
2026,6,THACO TRUCK,Truck,Light truck,2 seats,2173,12519
2026,6,THACO MAZDA,CX-5,Crossover,5 seats,1144,8123
2026,6,Mitsubishi,Xforce,SUV,5 seats,1095,6299
2026,6,Toyota,Hilux,Pick-up,5 seats,1000,3981
2026,6,Toyota,Yaris Cross,SUV,5 seats,982,7039
2026,6,Mitsubishi,Xpander (CBU),MPV,7 seats,922,6203
2026,6,Honda Honda,CITY,Sedan,5 seats,912,3522
2026,6,Toyota,Innova Cross Hybrid,Hybrid,7 seats,884,2511
2026,6,Isuzu,Truck,Other Truck,3 seats,874,4933
2026,6,Ford,Everest,SUV,7 seats,818,6101
2026,6,Toyota,Innova Cross,MPV,8 seats,786,3112
2026,6,Ford,Territory,MPV,5 seats,784,6144
2026,6,THACO KIA,Seltos,Crossover,5 seats,702,4529
2026,6,Mitsubishi,Destinator,SUV,7 seats,687,5189
2026,6,Ford,Ranger CKD,Pick-up,5 seats,676,5559
2026,6,Toyota,Veloz Cross,MPV,7 seats,622,5097
2026,6,Toyota,Corolla Cross Hybrid,Hybrid,5 seats,584,2800
2026,6,THACO KIA,Sonet,Crossover,5 seats,550,3981
2026,6,THACO MAZDA,Mazda2,Sedan,5 seats,471,2592
2026,6,THACO KIA,Carnival,MPV,7 seats,454,2314
2026,6,Toyota,Vios,Sedan,5 seats,436,4549
2026,6,THACO KIA6. VA,CMareAnssendtomedia_June26,SUV,Pa7g seeats 1,409,
2026,6,Honda,HR-V,SUV,5 seats,395,1874
2026,6,Honda,CR-V Hybrid,Hybrid,5 seats,300,1831
2026,6,THACO MAZDA,CX-8,SUV,7 seats,287,1781
2026,6,Ford,Transit,Minibus,16 seats,281,1931
2026,6,Suzuki,Super Carry Pro,Small truck,2 seats,277,1495
2026,6,THACO KIA,Sportage,SUV,5 seats,275,938
2026,6,Toyota,Raize,SUV,5 seats,248,1552
2026,6,Hino,HINO,Other Truck,3 seats,229,1667
2026,6,Toyota,Yaris Cross Hybrid,Hybrid,5 seats,224,1107
2026,6,Mitsubishi,Triton,Pick-up,5 seats,221,1540
2026,6,Toyota,Corolla Cross,SUV,5 seats,195,911
2026,6,JMC,IZ,Light truck,,193,1173
2026,6,THACO MAZDA,Mazda3,Sedan,5 seats,190,1566
2026,6,Toyota,Fortuner (CBU),SUV,7 seats,181,603
2026,6,Ford,Ranger CBU,Pick-up,5 seats,176,1427
2026,6,Toyota,Camry Hybrid,Hybrid,5 seats,168,484
2026,6,THACO KIA,Sorento,SUV,7 seats,167,563
2026,6,Suzuki,Fronx,SUV,5 seats,164,644
2026,6,BUS THACO,Bus,Large bus,12 ~ 45 seats,156,1063
2026,6,Honda,BR-V,MPV,7 seats,143,1270
2026,6,Honda,CR-V,SUV,7 seats,143,1723
2026,6,Mitsubishi,Xpander (CKD),MPV,7 seats,129,1588
2026,6,THACO PREMIUM,Peugeot,Peugeot,7 seats,122,670
2026,6,THACO MAZDA,CX-3,SUV,5 seats,120,589
2026,6,THACO KIA,Xe khác,Others,5 seats,118,931
2026,6,Mitsubishi,Attrage,Sedan,5 seats,104,717
2026,6,THACO MAZDA,CX-30,SUV,5 seats,101,599
2026,6,Suzuki,XL7 Hybrid,Hybrid,7 seats,79,995
2026,6,Honda,HR-V Hybrid,Hybrid 5 seats,,72,645
2026,6,Toyota,Landcruiser,SUV,7 seats,69,377
2026,6,Suzuki,EECO,Van,2 seats,68,371
2026,6,THACO MAZDA,Xe khác,SUV,,48,48
2026,6,Missu Tải,Missu,Small truck,,43,108
2026,6,Toyota,Avanza Premio CKD,MPV,7 seats,40,427
2026,6,Toyota,Land Prado,SUV,7 seats,39,195
2026,6,Suzuki,Jimny,SUV,4 seats,37,154
2026,6,Honda,Civic,Sedan,5 seats,35,126
2026,6,Toyota,Alphard Hybrid,Hybrid,7 seats,34,177
2026,6,Suzuki,Swift,Hatchback,5 seats,29,155
2026,6,Isuzu,D-Max,Pick-up,5 seats,18,370
2026,6,Missu Van,Missu,Van,,14,36
2026,6,Isuzu,mu-X,SUV,7 seats,8,82
2026,6,Ford,Mach-E,BEV,5 seats,6,70
2026,6,VIDABUS,G12,Large bus,47 seats,5,25
2026,6,SAMCO,SAMCO 24 CN ~ 46CN,Medium bus,27 seats,5,32
2026,6,SAMCO,Vaccum tank truck,Vaccum tank truck (SPV),3 seats,4,4
2026,6,YUCHAI YCK11 410,LIMOUSINE GR24W-YCK11,Medium bus,24 seats,3,3
2026,6,Daewoo Truck,CL4TF/CL4T8/CL4DF,Light truck,,2,18
2026,6,Honda,Civic Hybrid,Hybrid,5 seats,2,313
2026,6,Toyota,Camry,Sedan,5 seats,2,75
2026,6,VIDABUS,G8,Large bus,29-34 seats,1,5
2026,6,YUCHAI YCK05 248,YCK05 GR24S,Medium bus,24 seats,1,2
2026,6,YUCHAI 6MK 385,UNIVERSE K47S-YE5,Large bus,47 seats,1,2
2026,6,SAMCO,Garbage compactor truck,Garbage compactor truck (SPV),3 seats,1,4
2026,6,VIDABUS,GVD090,City bus,60 seats,,1
2026,6,Daewoo Truck,HC/HU,Light truck,,,2
2026,6,NGVANG NS700 + DV,8D0O0NGVANG NS700,Light truck,2~3,,153
2026,6,YUCHAI YCS06 270,YCS06 GR29S06,Medium bus,29 seats,,3
2026,6,YUCHAI YCK05 248,UNIVERSE K29S-YCK05,Medium bus,29 seats,,2
2026,6,YUCHAI YCK11 410,LIMOUSINE GR26-YCK11,Medium bus,26 seats,,1
2026,6,Honda,Civic TypeR,Others,5 seats,,1
2026,6,SAMCO,Hooklift,Hooklift (SPV),3 seats,,3
2026,6,SAMCO,Fire truck,Fire fighting truck (SPV),7 seats,,2
2026,6,SAMCO,SAMCO B40 ~ B80,Large bus,40 seats,,70
2026,6,Isuzu,Bus Chassis,Chassis,,,71
2026,6,Toyota,Wigo,Sedan,5 seats,,203
2026,6,Toyota,Alphard,MPV,7 seats,,11
2026,6,Toyota,Fortuner,SUV,7 seats,,183
2026,6,Toyota,Corolla Hybrid,Hybrid,6 seats,,2
2026,6,Toyota,Corolla,Sedan,5 seats,,14
2026,6,Mitsubishi,Pajero Sport,SUV,7 seats,,81
2026,5,THACO TRUCK,Truck,Light truck,2 seats,2170,10346
2026,5,Toyota,Yaris Cross,SUV,5 seats,1214,6057
2026,5,THACO MAZDA,CX-5,Crossover,5 seats,1159,6979
2026,5,Mitsubishi,Xpander (CBU),MPV,7 seats,1075,5281
2026,5,Ford,Everest,SUV,7 seats,1062,5283
2026,5,Isuzu,Truck,Other Truck,3 seats,1055,4059
2026,5,Ford,Territory,MPV,5 seats,1015,5360
2026,5,Mitsubishi,Destinator,SUV,7 seats,940,4502
2026,5,Ford,Ranger CKD,Pick-up,5 seats,843,4883
2026,5,Toyota,Veloz Cross,MPV,7 seats,797,4475
2026,5,THACO KIA,Seltos,Crossover,5 seats,760,3827
2026,5,Mitsubishi,Xforce,SUV,5 seats,693,5204
2026,5,Toyota,Hilux,Pick-up,5 seats,648,2981
2026,5,Toyota,Vios,Sedan,5 seats,626,4113
2026,5,THACO KIA,Sonet,Crossover,5 seats,610,3431
2026,5,Toyota,Innova Cross,MPV,8 seats,578,2326
2026,5,Toyota,Corolla Cross Hybrid,Hybrid,5 seats,577,2216
2026,5,Honda Honda,CITY,Sedan,5 seats,445,2610
2026,5,THACO MAZDA,Mazda2,Sedan,5 seats,434,2121
2026,5,Honda,CR-V Hybrid,Hybrid,5 seats,426,1531
2026,5,THACO KIA,Carnival,MPV,7 seats,400,1860
2026,5,THACO KIA5. VA,CMareAnssendtomedia_May26,SUV,Pa7g seeats 1,372,
2026,5,Honda,HR-V,SUV,5 seats,369,1479
2026,5,Toyota,Raize,SUV,5 seats,323,1304
2026,5,Ford,Transit,Minibus,16 seats,313,1650
2026,5,THACO MAZDA,CX-8,SUV,7 seats,286,1494
2026,5,JMC,IZ,Light truck,,255,980
2026,5,Ford,Ranger CBU,Pick-up,5 seats,246,1251
2026,5,Hino,HINO,Other Truck,3 seats,244,1438
2026,5,THACO MAZDA,Mazda3,Sedan,5 seats,233,1376
2026,5,Suzuki,Super Carry Pro,Small truck,2 seats,229,1218
2026,5,Honda,BR-V,MPV,7 seats,222,1127
2026,5,Toyota,Yaris Cross Hybrid,Hybrid,5 seats,216,883
2026,5,Honda,CR-V,SUV,7 seats,206,1580
2026,5,Toyota,Corolla Cross,SUV,5 seats,197,716
2026,5,BUS THACO,Bus,Large bus,12 ~ 45 seats,185,907
2026,5,Mitsubishi,Xpander (CKD),MPV,7 seats,161,1459
2026,5,Toyota,Innova Cross Hybrid,Hybrid,7 seats,155,1627
2026,5,THACO KIA,Sportage,SUV,5 seats,140,663
2026,5,Mitsubishi,Triton,Pick-up,5 seats,135,1319
2026,5,THACO KIA,Xe khác,Others,5 seats,128,813
2026,5,Honda,HR-V Hybrid,Hybrid 5 seats,,127,573
2026,5,Suzuki,Fronx,SUV,5 seats,115,480
2026,5,Toyota,Fortuner (CBU),SUV,7 seats,109,422
2026,5,Mitsubishi,Attrage,Sedan,5 seats,107,613
2026,5,THACO MAZDA,CX-3,SUV,5 seats,103,469
2026,5,THACO KIA,Sorento,SUV,7 seats,102,396
2026,5,THACO MAZDA,CX-30,SUV,5 seats,89,498
2026,5,THACO PREMIUM,Peugeot,Peugeot,7 seats,84,548
2026,5,Suzuki,XL7 Hybrid,Hybrid,7 seats,74,916
2026,5,Toyota,Avanza Premio CKD,MPV,7 seats,66,387
2026,5,Suzuki,Swift,Hatchback,5 seats,63,126
2026,5,Toyota,Landcruiser,SUV,7 seats,47,308
2026,5,Honda,Civic Hybrid,Hybrid,5 seats,44,311
2026,5,Missu Tải,Missu,Small truck,,43,65
2026,5,Isuzu,D-Max,Pick-up,5 seats,35,352
2026,5,Suzuki,Jimny,SUV,4 seats,35,117
2026,5,Toyota,Land Prado,SUV,7 seats,33,156
2026,5,Toyota,Alphard Hybrid,Hybrid,7 seats,32,143
2026,5,Honda,Civic,Sedan,5 seats,31,91
2026,5,Suzuki,EECO,Van,2 seats,28,303
2026,5,SAMCO,SAMCO B40 ~ B80,Large bus,40 seats,23,70
2026,5,Toyota,Camry Hybrid,Hybrid,5 seats,19,316
2026,5,Ford,Mach-E,BEV,5 seats,14,64
2026,5,Missu Van,Missu,Van,,13,22
2026,5,Isuzu,mu-X,SUV,7 seats,12,74
2026,5,Toyota,Camry,Sedan,5 seats,12,73
2026,5,Daewoo Truck,CL4TF/CL4T8/CL4DF,Light truck,,6,16
2026,5,YUCHAI YCS06 270,YCS06 GR29S06,Medium bus,29 seats,3,3
2026,5,SAMCO,SAMCO 24 CN ~ 46CN,Medium bus,27 seats,3,27
2026,5,Toyota,Wigo,Sedan,5 seats,3,203
2026,5,YUCHAI YCK05 248,UNIVERSE K29S-YCK05,Medium bus,29 seats,2,2
2026,5,VIDABUS,G8,Large bus,29-34 seats,1,4
2026,5,YUCHAI YCK05 248,YCK05 GR24S,Medium bus,24 seats,1,1
2026,5,YUCHAI YCK11 410,LIMOUSINE GR26-YCK11,Medium bus,26 seats,1,1
2026,5,YUCHAI 6MK 385,UNIVERSE K47S-YE5,Large bus,47 seats,1,1
2026,5,SAMCO,Garbage compactor truck,Garbage compactor truck (SPV),3 seats,1,3
2026,5,Toyota,Fortuner,SUV,7 seats,1,183
2026,5,VIDABUS,GVD090,City bus,60 seats,,1
2026,5,VIDABUS,G12,Large bus,47 seats,,20
2026,5,Daewoo Truck,HC/HU,Light truck,,,2
2026,5,NGVANG NS700 + DV,8D0O0NGVANG NS700,Light truck,2~3,,153
2026,5,Honda,Civic TypeR,Others,5 seats,,1
2026,5,SAMCO,Hooklift,Hooklift (SPV),3 seats,,3
2026,5,SAMCO,Fire truck,Fire fighting truck (SPV),7 seats,,2
2026,5,Isuzu,Bus Chassis,Chassis,,,71
2026,5,Toyota,Alphard,MPV,7 seats,,11
2026,5,Toyota,Corolla Hybrid,Hybrid,6 seats,,2
2026,5,Toyota,Corolla,Sedan,5 seats,,14
2026,5,Mitsubishi,Pajero Sport,SUV,7 seats,,81
2026,4,THACO TRUCK,Truck,Light truck,2 seats,2451,8176
2026,4,Toyota,Veloz Cross,MPV,7 seats,1503,3678
2026,4,Mitsubishi,Xforce,SUV,5 seats,1250,4511
2026,4,Toyota,Yaris Cross,SUV,5 seats,1238,4843
2026,4,THACO MAZDA,CX-5,Crossover,5 seats,1177,5820
2026,4,Mitsubishi,Xpander (CBU),MPV,7 seats,1057,4206
2026,4,Ford,Territory,MPV,5 seats,934,4345
2026,4,Isuzu,Truck,Other Truck,3 seats,846,3004
2026,4,Ford,Ranger CKD,Pick-up,5 seats,801,4040
2026,4,Toyota,Vios,Sedan,5 seats,750,3487
2026,4,THACO KIA,Seltos,Crossover,5 seats,742,3067
2026,4,Toyota,Hilux,Pick-up,5 seats,684,2333
2026,4,Ford,Everest,SUV,7 seats,641,4221
2026,4,THACO MAZDA,Mazda2,Sedan,5 seats,640,1687
2026,4,THACO KIA,Sonet,Crossover,5 seats,598,2821
2026,4,Mitsubishi,Destinator,SUV,7 seats,568,3562
2026,4,Honda Honda,CITY,Sedan,5 seats,484,2165
2026,4,Toyota,Corolla Cross Hybrid,Hybrid,5 seats,460,1639
2026,4,Honda,CR-V Hybrid,Hybrid,5 seats,440,1105
2026,4,THACO KIA,Carnival,MPV,7 seats,386,1460
2026,4,THACO KIA4. VA,CMareAnssendtomedia_April26,SUV,Pa7g seeats 1,374,
2026,4,Toyota,Innova Cross Hybrid,Hybrid,7 seats,353,1472
2026,4,Toyota,Innova Cross,MPV,8 seats,348,1748
2026,4,Ford,Transit,Minibus,16 seats,309,1337
2026,4,Honda,HR-V,SUV,5 seats,290,1110
2026,4,THACO MAZDA,CX-8,SUV,7 seats,276,1208
2026,4,Honda,CR-V,SUV,7 seats,266,1374
2026,4,Toyota,Raize,SUV,5 seats,251,981
2026,4,Suzuki,Super Carry Pro,Small truck,2 seats,251,989
2026,4,Toyota,Corolla Cross,SUV,5 seats,243,519
2026,4,Hino,HINO,Other Truck,3 seats,232,1194
2026,4,THACO MAZDA,Mazda3,Sedan,5 seats,229,1143
2026,4,Mitsubishi,Xpander (CKD),MPV,7 seats,216,1298
2026,4,JMC,IZ,Light truck,,215,725
2026,4,Mitsubishi,Triton,Pick-up,5 seats,212,1184
2026,4,Honda,BR-V,MPV,7 seats,199,905
2026,4,THACO KIA,Xe khác,Others,5 seats,149,685
2026,4,BUS THACO,Bus,Large bus,12 ~ 45 seats,146,722
2026,4,Mitsubishi,Attrage,Sedan,5 seats,136,506
2026,4,Ford,Ranger CBU,Pick-up,5 seats,132,1005
2026,4,Toyota,Avanza Premio CKD,MPV,7 seats,121,321
2026,4,THACO KIA,Sportage,SUV,5 seats,120,523
2026,4,Toyota,Camry Hybrid,Hybrid,5 seats,115,297
2026,4,THACO MAZDA,CX-3,SUV,5 seats,110,366
2026,4,Toyota,Yaris Cross Hybrid,Hybrid,5 seats,106,667
2026,4,THACO MAZDA,CX-30,SUV,5 seats,100,409
2026,4,THACO KIA,Sorento,SUV,7 seats,100,294
2026,4,Honda,HR-V Hybrid,Hybrid 5 seats,,92,446
2026,4,Suzuki,Fronx,SUV,5 seats,77,365
2026,4,THACO PREMIUM,Peugeot,Peugeot,7 seats,72,464
2026,4,Suzuki,XL7 Hybrid,Hybrid,7 seats,63,842
2026,4,Toyota,Fortuner (CBU),SUV,7 seats,60,313
2026,4,Suzuki,EECO,Van,2 seats,60,275
2026,4,Honda,Civic Hybrid,Hybrid,5 seats,59,267
2026,4,Ford,Mach-E,BEV,5 seats,49,50
2026,4,Toyota,Landcruiser,SUV,7 seats,48,261
2026,4,Toyota,Land Prado,SUV,7 seats,39,123
2026,4,Toyota,Alphard Hybrid,Hybrid,7 seats,35,111
2026,4,Missu Tải,Missu,Small truck,,22,22
2026,4,Toyota,Camry,Sedan,5 seats,22,61
2026,4,NGVANG NS700 + DV,8D0O0NGVANG NS700,Light truck,2~3,20,153
2026,4,Isuzu,Bus Chassis,Chassis,,13,71
2026,4,Isuzu,D-Max,Pick-up,5 seats,11,317
2026,4,Missu Van,Missu,Van,,9,9
2026,4,Suzuki,Jimny,SUV,4 seats,7,82
2026,4,SAMCO,SAMCO 24 CN ~ 46CN,Medium bus,27 seats,6,24
2026,4,Suzuki,Swift,Hatchback,5 seats,6,63
2026,4,Daewoo Truck,CL4TF/CL4T8/CL4DF,Light truck,,4,10
2026,4,VIDABUS,G12,Large bus,47 seats,3,20
2026,4,SAMCO,Hooklift,Hooklift (SPV),3 seats,3,3
2026,4,Isuzu,mu-X,SUV,7 seats,3,62
2026,4,SAMCO,Fire truck,Fire fighting truck (SPV),7 seats,1,2
2026,4,SAMCO,Garbage compactor truck,Garbage compactor truck (SPV),3 seats,1,2
2026,4,Toyota,Fortuner,SUV,7 seats,1,182
2026,4,Toyota,Corolla,Sedan,5 seats,1,14
2026,4,VIDABUS,GVD090,City bus,60 seats,,1
2026,4,VIDABUS,G8,Large bus,29-34 seats,,3
2026,4,Daewoo Truck,HC/HU,Light truck,,,2
2026,4,Honda,Civic TypeR,Others,5 seats,,1
2026,4,Honda,Civic,Sedan,5 seats,,60
2026,4,SAMCO,SAMCO B40 ~ B80,Large bus,40 seats,,47
2026,4,Toyota,Wigo,Sedan,5 seats,,200
2026,4,Toyota,Alphard,MPV,7 seats,,11
2026,4,Toyota,Corolla Hybrid,Hybrid,6 seats,,2
2026,4,Mitsubishi,Pajero Sport,SUV,7 seats,,81
2026,3,THACO TRUCK,Truck,Light truck,2 seats,2761,5725
2026,3,Toyota,Yaris Cross,SUV,5 seats,1914,3605
2026,3,Mitsubishi,Destinator,SUV,7 seats,1663,2994
2026,3,THACO MAZDA,CX-5,Crossover,5 seats,1531,4643
2026,3,Mitsubishi,Xpander (CBU),MPV,7 seats,1464,3149
2026,3,Ford,Everest,SUV,7 seats,1443,3580
2026,3,Ford,Territory,MPV,5 seats,1136,3411
2026,3,Ford,Ranger CKD,Pick-up,5 seats,1052,3239
2026,3,Mitsubishi,Xforce,SUV,5 seats,1050,3261
2026,3,Toyota,Vios,Sedan,5 seats,1004,2737
2026,3,Isuzu,Truck,Other Truck,3 seats,959,2158
2026,3,Toyota,Innova Cross Hybrid,Hybrid,7 seats,826,1119
2026,3,THACO KIA,Sonet,Crossover,5 seats,773,2223
2026,3,Toyota,Corolla Cross Hybrid,Hybrid,5 seats,752,1179
2026,3,Toyota,Innova Cross,MPV,8 seats,750,1400
2026,3,THACO KIA,Seltos,Crossover,5 seats,743,2325
2026,3,Toyota,Veloz Cross,MPV,7 seats,719,2175
2026,3,Toyota,Hilux,Pick-up,5 seats,650,1649
2026,3,Ford,Transit,Minibus,16 seats,510,1028
2026,3,THACO KIA3. VA,CMareAnssendtomedia_March2,6SU uVpdated,Pa7g seeats 1,505,
2026,3,Honda,CR-V Hybrid,Hybrid,5 seats,471,665
2026,3,Mitsubishi,Triton,Pick-up,5 seats,467,972
2026,3,Toyota,Yaris Cross Hybrid,Hybrid,5 seats,464,561
2026,3,THACO KIA,Carnival,MPV,7 seats,463,1074
2026,3,THACO MAZDA,Mazda2,Sedan,5 seats,433,1047
2026,3,Hino,HINO,Other Truck,3 seats,423,962
2026,3,Toyota,Raize,SUV,5 seats,405,730
2026,3,Honda Honda,CITY,Sedan,5 seats,398,1681
2026,3,Ford,Ranger CBU,Pick-up,5 seats,397,873
2026,3,Honda,BR-V,MPV,7 seats,352,706
2026,3,THACO MAZDA,CX-8,SUV,7 seats,351,932
2026,3,Suzuki,Super Carry Pro,Small truck,2 seats,351,738
2026,3,THACO MAZDA,Mazda3,Sedan,5 seats,305,914
2026,3,Mitsubishi,Xpander (CKD),MPV,7 seats,299,1082
2026,3,JMC,IZ,Light truck,,269,510
2026,3,Honda,CR-V,SUV,7 seats,210,1108
2026,3,Toyota,Corolla Cross,SUV,5 seats,199,276
2026,3,Suzuki,XL7 Hybrid,Hybrid,7 seats,196,779
2026,3,THACO KIA,Xe khác,Others,5 seats,163,536
2026,3,Honda,Civic Hybrid,Hybrid,5 seats,147,208
2026,3,BUS THACO,Bus,Large bus,12 ~ 45 seats,146,576
2026,3,Mitsubishi,Attrage,Sedan,5 seats,143,370
2026,3,THACO KIA,Sportage,SUV,5 seats,142,403
2026,3,Honda,HR-V Hybrid,Hybrid 5 seats,,136,354
2026,3,Honda,HR-V,SUV,5 seats,124,820
2026,3,Toyota,Camry Hybrid,Hybrid,5 seats,121,182
2026,3,THACO PREMIUM,Peugeot,Peugeot,7 seats,103,392
2026,3,Toyota,Fortuner (CBU),SUV,7 seats,103,253
2026,3,NGVANG NS700 + DV,8D0O0NGVANG NS700,Light truck,2~3,102,133
2026,3,Suzuki,EECO,Van,2 seats,102,215
2026,3,Suzuki,Fronx,SUV,5 seats,98,288
2026,3,THACO MAZDA,CX-30,SUV,5 seats,95,309
2026,3,Isuzu,D-Max,Pick-up,5 seats,92,306
2026,3,THACO MAZDA,CX-3,SUV,5 seats,81,256
2026,3,Toyota,Avanza Premio CKD,MPV,7 seats,74,200
2026,3,Toyota,Landcruiser,SUV,7 seats,64,213
2026,3,THACO KIA,Sorento,SUV,7 seats,60,194
2026,3,SAMCO,SAMCO B40 ~ B80,Large bus,40 seats,34,47
2026,3,Isuzu,Bus Chassis,Chassis,,34,58
2026,3,Toyota,Camry,Sedan,5 seats,31,39
2026,3,Suzuki,Jimny,SUV,4 seats,31,75
2026,3,Toyota,Alphard Hybrid,Hybrid,7 seats,29,76
2026,3,Toyota,Land Prado,SUV,7 seats,27,84
2026,3,Isuzu,mu-X,SUV,7 seats,16,59
2026,3,VIDABUS,G12,Large bus,47 seats,10,17
2026,3,SAMCO,SAMCO 24 CN ~ 46CN,Medium bus,27 seats,10,18
2026,3,Suzuki,Swift,Hatchback,5 seats,6,57
2026,3,Toyota,Corolla,Sedan,5 seats,4,13
2026,3,Daewoo Truck,CL4TF/CL4T8/CL4DF,Light truck,,3,6
2026,3,Toyota,Fortuner,SUV,7 seats,3,181
2026,3,Toyota,Wigo,Sedan,5 seats,2,200
2026,3,VIDABUS,GVD090,City bus,60 seats,1,1
2026,3,Daewoo Truck,HC/HU,Light truck,,1,2
2026,3,Honda,Civic,Sedan,5 seats,1,60
2026,3,SAMCO,Garbage compactor truck,Garbage compactor truck (SPV),3 seats,1,1
2026,3,Toyota,Alphard,MPV,7 seats,1,11
2026,3,Toyota,Corolla Hybrid,Hybrid,6 seats,1,2
2026,3,VIDABUS,G8,Large bus,29-34 seats,,3
2026,3,Honda,Civic TypeR,Others,5 seats,,1
2026,3,SAMCO,Fire truck,Fire fighting truck (SPV),7 seats,,1
2026,3,Ford,Mach-E,BEV,5 seats,,1
2026,3,Mitsubishi,Pajero Sport,SUV,7 seats,,81
2026,2,THACO MAZDA,CX-5,Crossover,5 seats,2104,1008
2026,2,THACO TRUCK,Truck,Light truck,2 seats,1680,1284
2026,2,Mitsubishi,Xforce,SUV,5 seats,1666,545
2026,2,Ford,Territory,MPV,5 seats,1545,730
2026,2,Ford,Ranger CKD,Pick-up,5 seats,1520,667
2026,2,Ford,Everest,SUV,7 seats,1390,747
2026,2,Mitsubishi,Xpander (CBU),MPV,7 seats,1286,399
2026,2,Toyota,Yaris Cross,SUV,5 seats,1118,573
2026,2,Toyota,Vios,Sedan,5 seats,1118,615
2026,2,THACO KIA,Seltos,Crossover,5 seats,1058,524
2026,2,THACO KIA,Sonet,Crossover,5 seats,924,526
2026,2,Toyota,Veloz Cross,MPV,7 seats,861,595
2026,2,Honda Honda,CITY,Sedan,5 seats,825,458
2026,2,Mitsubishi,Destinator,SUV,7 seats,818,513
2026,2,Isuzu,Truck,Other Truck,3 seats,741,458
2026,2,Honda,CR-V,SUV,7 seats,715,183
2026,2,Mitsubishi,Xpander (CKD),MPV,7 seats,652,131
2026,2,Honda,HR-V,SUV,5 seats,590,106
2026,2,THACO KIA,Carens,SUV,7 seats,573,243
2026,2,Toyota,Innova Cross,MPV,8 seats,465,185
2026,2,Mitsubishi,Triton,Pick-up,5 seats,442,63
2026,2,Suzuki,XL7 Hybrid,Hybrid,7 seats,427,156
2026,2,THACO MAZDA,Mazda3,Sedan,5 seats,406,203
2026,2,THACO KIA,Carnival,MPV,7 seats,386,225
2026,2,THACO MAZDA,CX-8,SUV,7 seats,382,199
2026,2,Hino,HINO,Other Truck,3 seats,337,202
2026,2,Ford,Ranger CBU,Pick-up,5 seats,334,142
2026,2,Ford,Transit,Minibus,16 seats,332,186
2026,2,THACO MAZDA,Mazda2,Sedan,5 seats,328,286
2026,2,BUS THACO,Bus,Large bus,12 ~ 45 seats,321,109
2026,2,Honda,BR-V,MPV,7 seats,313,41
2026,2,Suzuki,Super Carry Pro,Small truck,2 seats,260,127
2026,2,THACO KIA,Xe khác,Others,5 seats,257,116
2026,2,Toyota,Raize,SUV,5 seats,227,98
2026,2,THACO PREMIUM,Peugeot,Peugeot,7 seats,191,98
2026,2,THACO KIA,Sportage,SUV,5 seats,184,77
2026,2,JMC,IZ,Light truck,,180,61
2026,2,Honda,HR-V Hybrid,Hybrid 5 seats,,180,38
2026,2,Mitsubishi,Attrage,Sedan,5 seats,175,52
2026,2,THACO MAZDA,CX-30,SUV,5 seats,165,49
2026,2,Toyota,Wigo,Sedan,5 seats,163,35
2026,2,Toyota,Fortuner,SUV,7 seats,154,24
2026,2,Suzuki,Fronx,SUV,5 seats,138,52
2026,2,THACO MAZDA,CX-3,SUV,5 seats,130,45
2026,2,Toyota,Hilux,Pick-up,5 seats,128,871
2026,2,Isuzu,D-Max,Pick-up,5 seats,117,97
2026,2,Toyota,Fortuner (CBU),SUV,7 seats,115,35
2026,2,THACO KIA,Sorento,SUV,7 seats,105,29
2026,2,Toyota,Landcruiser,SUV,7 seats,95,54
2026,2,Toyota,Innova Cross Hybrid,Hybrid,7 seats,81,212
2026,2,Toyota,Avanza Premio CKD,MPV,7 seats,69,57
2026,2,Toyota,Corolla Cross Hybrid,Hybrid,5 seats,65,362
2026,2,Toyota,Corolla Cross,SUV,5 seats,60,17
2026,2,Suzuki,EECO,Van,2 seats,53,60
2026,2,Honda,Civic,Sedan,5 seats,49,10
2026,2,Toyota,Land Prado,SUV,7 seats,47,10
2026,2,Honda,Civic Hybrid,Hybrid,5 seats,39,22
2026,2,Suzuki,Swift,Hatchback,5 seats,39,12
2026,2,Suzuki,Jimny,SUV,4 seats,37,7
2026,2,Toyota,Yaris Cross Hybrid,Hybrid,5 seats,32,65
2026,2,Isuzu,mu-X,SUV,7 seats,30,13
2026,2,Toyota,Alphard Hybrid,Hybrid,7 seats,23,24
2026,2,Toyota,Camry Hybrid,Hybrid,5 seats,16,45
2026,2,NGVANG NS700 + DV,8D0O0NGVANG NS700,Light truck,2~3,12,19
2026,2,Isuzu,Bus Chassis,Chassis,,12,12
2026,2,SAMCO,SAMCO B40 ~ B80,Large bus,40 seats,10,3
2026,2,Toyota,Alphard,MPV,7 seats,9,1
2026,2,Toyota,Corolla,Sedan,5 seats,6,3
2026,2,VIDABUS,G8,Large bus,29-34 seats,2,1
2026,2,Daewoo Truck,CL4TF/CL4T8/CL4DF,Light truck,,2,1
2026,2,Honda,Civic TypeR,Others,5 seats,1,
2026,2,VIDABUS,G12,Large bus,47 seats,,7
2026,2,Daewoo Truck,HC/HU,Light truck,,,1
2026,2,Honda,CR-V Hybrid,Hybrid,5 seats,,194
2026,2,SAMCO,Fire truck,Fire fighting truck (SPV),7 seats,,1
2026,2,SAMCO,SAMCO 24 CN ~ 46CN,Medium bus,27 seats,,8
2026,2,Ford,Mach-E,BEV,5 seats,,1
2026,2,Toyota,Corolla Hybrid,Hybrid,6 seats,,1
2026,2,Toyota,Camry,Sedan,5 seats,,8
2026,2,Mitsubishi,Pajero Sport,SUV,7 seats,,81
2026,1,THACO MAZDA,CX-5,Crossover,5 seats,2104,2104
2026,1,THACO TRUCK,Truck,Light truck,2 seats,1680,1680
2026,1,Mitsubishi,Xforce,SUV,5 seats,1666,1666
2026,1,Ford,Territory,MPV,5 seats,1545,1545
2026,1,Ford,Ranger CKD,Pick-up,5 seats,1520,1520
2026,1,Ford,Everest,SUV,7 seats,1390,1390
2026,1,Mitsubishi,Xpander (CBU),MPV,7 seats,1286,1286
2026,1,Toyota,Yaris Cross,SUV,5 seats,1118,1118
2026,1,Toyota,Vios,Sedan,5 seats,1118,1118
2026,1,THACO KIA,Seltos,Crossover,5 seats,1058,1058
2026,1,THACO KIA,Sonet,Crossover,5 seats,924,924
2026,1,Toyota,Veloz Cross,MPV,7 seats,861,861
2026,1,Honda Honda,CITY,Sedan,5 seats,825,825
2026,1,Mitsubishi,Destinator,SUV,7 seats,818,818
2026,1,Isuzu,Truck,Other Truck,3 seats,741,741
2026,1,Honda,CR-V,SUV,7 seats,715,715
2026,1,Mitsubishi,Xpander (CKD),MPV,7 seats,652,652
2026,1,Honda,HR-V,SUV,5 seats,590,590
2026,1,THACO KIA,Carens,SUV,7 seats,573,573
2026,1,Toyota,Innova Cross,MPV,8 seats,465,465
2026,1,Mitsubishi,Triton,Pick-up,5 seats,442,442
2026,1,Suzuki,XL7 Hybrid,Hybrid,7 seats,427,427
2026,1,THACO MAZDA,Mazda3,Sedan,5 seats,406,406
2026,1,THACO KIA,Carnival,MPV,7 seats,386,386
2026,1,THACO MAZDA,CX-8,SUV,7 seats,382,382
2026,1,Hino,HINO,Other Truck,3 seats,337,337
2026,1,Ford,Ranger CBU,Pick-up,5 seats,334,334
2026,1,Ford,Transit,Minibus,16 seats,332,332
2026,1,THACO MAZDA,Mazda2,Sedan,5 seats,328,328
2026,1,BUS THACO,Bus,Large bus,12 ~ 45 seats,321,321
2026,1,Honda,BR-V,MPV,7 seats,313,313
2026,1,Suzuki,Super Carry Pro,Small truck,2 seats,260,260
2026,1,Toyota,Raize,SUV,5 seats,227,227
2026,1,THACO PREMIUM,Peugeot,Peugeot,7 seats,191,191
2026,1,THACO KIA,Sportage,SUV,5 seats,184,184
2026,1,JMC,IZ,Light truck,,180,180
2026,1,Honda,HR-V Hybrid,Hybrid 5 seats,,180,180
2026,1,Mitsubishi,Attrage,Sedan,5 seats,175,175
2026,1,THACO MAZDA,CX-30,SUV,5 seats,165,165
2026,1,Toyota,Wigo,Sedan,5 seats,163,163
2026,1,Toyota,Fortuner,SUV,7 seats,154,154
2026,1,Suzuki,Fronx,SUV,5 seats,138,138
2026,1,THACO MAZDA,CX-3,SUV,5 seats,130,130
2026,1,Toyota,Hilux,Pick-up,5 seats,128,128
2026,1,Isuzu,D-Max,Pick-up,5 seats,117,117
2026,1,Toyota,Fortuner (CBU),SUV,7 seats,115,115
2026,1,THACO KIA,Sorento,SUV,7 seats,105,105
2026,1,Toyota,Landcruiser,SUV,7 seats,95,95
2026,1,Toyota,Innova Cross Hybrid,Hybrid,7 seats,81,81
2026,1,Toyota,Avanza Premio CKD,MPV,7 seats,69,69
2026,1,Toyota,Corolla Cross Hybrid,Hybrid,5 seats,65,65
2026,1,Toyota,Corolla Cross,SUV,5 seats,60,60
2026,1,Suzuki,EECO,Van,2 seats,53,53
2026,1,Honda,Civic,Sedan,5 seats,49,49
2026,1,Toyota,Land Prado,SUV,7 seats,47,47
2026,1,Honda,Civic Hybrid,Hybrid,5 seats,39,39
2026,1,Suzuki,Swift,Hatchback,5 seats,39,39
2026,1,Suzuki,Jimny,SUV,4 seats,37,37
2026,1,Toyota,Yaris Cross Hybrid,Hybrid,5 seats,32,32
2026,1,Isuzu,mu-X,SUV,7 seats,30,30
2026,1,Toyota,Alphard Hybrid,Hybrid,7 seats,23,23
2026,1,Toyota,Camry Hybrid,Hybrid,5 seats,16,16
2026,1,NGVANG NS700 + DV,8D0O0NGVANG NS700,Light truck,2~3,12,12
2026,1,Isuzu,Bus Chassis,Chassis,,12,12
2026,1,SAMCO,SAMCO B40 ~ B80,Large bus,40 seats,10,10
2026,1,Toyota,Alphard,MPV,7 seats,9,9
2026,1,Toyota,Corolla,Sedan,5 seats,6,6
2026,1,VIDABUS,G8,Large bus,29-34 seats,2,2
2026,1,Daewoo Truck,CL4TF/CL4T8/CL4DF,Light truck,,2,2
2026,1,Honda,Civic TypeR,Others,5 seats,1,1
2025,12,Mitsubishi,Xforce,SUV,5 seats,3163,15254
2025,12,THACO MAZDA,CX-5,Crossover,5 seats,2596,17262
2025,12,Mitsubishi,Destinator,SUV,7 seats,2377,2377
2025,12,Toyota,Vios,Sedan,5 seats,1972,13424
2025,12,Ford,Everest,SUV,7 seats,1847,13056
2025,12,Mitsubishi,Xpander (CBU),MPV,7 seats,1836,15698
2025,12,Ford,Ranger CKD,Pick-up,5 seats,1723,15372
2025,12,Honda Honda,CITY,Sedan,5 seats,1685,10899
2025,12,Ford,Territory,MPV,5 seats,1662,12786
2025,12,THACO TRUCK,Truck,Light truck,2 seats,1574,12396
2025,12,Toyota,Veloz Cross,MPV,7 seats,1310,8346
2025,12,THACO KIA,Seltos,Crossover,5 seats,1182,6577
2025,12,Isuzu,Truck,Other Truck,3 seats,1170,10831
2025,12,THACO KIA,Sonet,Crossover,5 seats,1149,5944
2025,12,THACO TRUCK,Frontier,Small truck,2 seats,1124,11556
2025,12,Toyota,Innova Cross,MPV,8 seats,762,5075
2025,12,Mitsubishi,Xpander (CKD),MPV,7 seats,739,4193
2025,12,THACO MAZDA,Mazda2,Sedan,5 seats,722,5465
2025,12,Honda,CR-V,SUV,7 seats,670,4336
2025,12,THACO KIA,Carens,SUV,7 seats,628,4168
2025,12,Honda,HR-V,SUV,5 seats,596,5776
2025,12,THACO KIA,Carnival,MPV,7 seats,586,4746
2025,12,Mitsubishi,Triton,Pick-up,5 seats,579,4303
2025,12,THACO MAZDA,CX-8,SUV,7 seats,551,2864
2025,12,Ford,Ranger CBU,Pick-up,5 seats,476,3320
2025,12,Hino,HINO,Other Truck,3 seats,465,3379
2025,12,Ford,Transit,Minibus,16 seats,434,5761
2025,12,THACO MAZDA,Mazda3,Sedan,5 seats,423,2969
2025,12,Toyota,Fortuner (CBU),SUV,7 seats,422,1441
2025,12,Toyota,Corolla Cross Hybrid,Hybrid,5 seats,379,2926
2025,12,Honda,BR-V,MPV,7 seats,366,4120
2025,12,Toyota,Innova Cross Hybrid,Hybrid,7 seats,359,3021
2025,12,Toyota,Raize,SUV,5 seats,341,3630
2025,12,Suzuki,XL7 Hybrid,Hybrid,7 seats,340,2633
2025,12,Suzuki,Super Carry Pro,Small truck,2 seats,337,3097
2025,12,JMC,IZ,Light truck,,295,2196
2025,12,Toyota,Camry Hybrid,Hybrid,5 seats,294,1595
2025,12,THACO KIA,Sportage,SUV,5 seats,275,2150
2025,12,THACO MAZDA,CX-30,SUV,7 seats,256,1637
2025,12,THACO PREMIUM,Peugeot SUV,peugeot,7 seats,232,2435
2025,12,Toyota,Wigo,Sedan,5 seats,232,2395
2025,12,Toyota,Fortuner,SUV,7 seats,226,2048
2025,12,THACO KIA,K3,Sedan,5 seats,193,1682
2025,12,Honda,HR-V Hybrid,Hybrid 5 seats,,170,889
2025,12,Mitsubishi,Attrage,Sedan,5 seats,161,1740
2025,12,Toyota,Corolla Cross,SUV,5 seats,160,5782
2025,12,Suzuki,Fronx,SUV,5 seats,115,231
2025,12,Toyota,Camry,Sedan,5 seats,105,894
2025,12,Mitsubishi,Pajero Sport,SUV,7 seats,105,180
2025,12,BUS THACO,Thaco 28 45 seats,Large bus,28 ~ 45 seats,102,2393
2025,12,THACO MAZDA,CX-3 - CKD,SUV,5 seats,96,357
2025,12,THACO TRUCK,Dump truck (SPV),Dump truck (SPV),2 seats,89,756
2025,12,Toyota,Avanza Premio CKD,MPV,7 seats,89,1130
2025,12,THACO KIA,Sorento,SUV,7 seats,78,914
2025,12,Isuzu,D-Max,Pick-up,5 seats,77,597
2025,12,Toyota,Landcruiser,SUV,7 seats,77,631
2025,12,Toyota,Hilux,Pick-up,5 seats,74,3501
2025,12,Isuzu,mu-X,SUV,7 seats,66,314
2025,12,Honda,Civic,Sedan,5 seats,62,501
2025,12,Suzuki,Swift,Hatchback,5 seats,59,364
2025,12,THACO KIA,Soluto,Sedan,5 seats,53,323
2025,12,THACO TRUCK,Semi truck,Small truck,2 seats,40,102
2025,12,THACO KIA,Morning,Hatchback,5 seats,36,299
2025,12,THACO KIA,K5,Sedan,5 seats,35,267
2025,12,Honda,Civic Hybrid,Hybrid,5 seats,28,266
2025,12,Suzuki,Jimny,SUV,4 seats,28,271
2025,12,Toyota,Corolla,Sedan,5 seats,27,263
2025,12,THACO MAZDA,CX-3,SUV,5 seats,26,1845
2025,12,Toyota,Alphard Hybrid,Hybrid,7 seats,26,156
2025,12,Toyota,Yaris Cross Hybrid,Hybrid,5 seats,23,669
2025,12,THACO KIA,New Sorento HEV/PHEV,Hybrid,7 seats,18,106
2025,12,Daewoo Truck,CL4TF/CL4T8/CL4DF,Light truck,,11,55
2025,12,Honda,CR-V Hybrid,Hybrid,5 seats,11,1888
2025,12,Toyota,Alphard,MPV,7 seats,9,133
2025,12,SAMCO,SAMCO 24 CN ~ 46CN,Medium bus,27 seats,8,127
2025,12,DONGVANG NS700,DONGVANG NS700,Light truck,2~3,7,7
2025,12,YUCHAI YCK11 410,LIMOUSINE GR26-YCK11,Medium bus,26 seats,5,33
2025,12,SAMCO,SAMCO B40 ~ B80,Large bus,40 seats,4,6
2025,12,Daewoo Truck,HC/HU,Light truck,,2,11
2025,12,Honda Honda,Accord,Sedan,5 seats,2,42
2025,12,VIDABUS,GVD090,City bus,60 seats,1,13
2025,12,VIDABUS,G8,Large bus,29-34 seats,1,103
2025,12,YUCHAI YCK05 248,GRANBIRD K29S-YCK05,Medium bus,29 seats,1,17
2025,12,Ford,Mach-E,BEV,5 seats,1,22
2025,12,Isuzu,Bus Chassis,Chassis,,1,108
2025,12,Toyota,Corolla Hybrid,Hybrid,6 seats,1,22
2025,12,VIDABUS,BS 106,City bus,60 seats,,1
2025,12,VIDABUS,G12,Large bus,47 seats,,71
2025,12,VIDABUS,G11,Large bus,47 seats,,7
2025,12,YUCHAI YCK05 248,GRANBIRD K35S-YCK05,Large bus,35 seats,,19
2025,12,YUCHAI YCK11 410,LIMOUSINE GR36-YCK11,Large bus,36 seats,,1
2025,12,YUCHAI YCK11 410,LIMOUSINE GR34W-YCK11,Large bus,34 seats,,2
2025,12,YUCHAI YCK11 410,LIMOUSINE GR24W-YCK11,Medium bus,24 seats,,17
2025,12,YUCHAI 6MK 385,UNIVERSE K47S-YE5,Large bus,47 seats,,18
2025,12,YUCHAI 6MK 385,LIMOUSINE B26YE5-EX,Medium bus,26 seats,,6
2025,12,YUCHAI 6MK 385,LIMOUSINE B26YE5,Medium bus,26 seats,,10
2025,12,HYUDANI 425,LIMOUSINE KIA36H425-E5,Large bus,36 seats,,4
2025,12,HYUDANI 425,LIMOUSINE KIA24WH425-E5,Medium bus,24 seats,,2
2025,12,HYUDANI 425,LIMOUSINE KIA26H425-E5,Medium bus,26 seats,,12
2025,12,Honda,Civic TypeR,Others,5 seats,,2
2025,12,BUS THACO,Minibus,Minibus,,,45
2025,12,THACO MAZDA,Mazda 6,Sedan,5 seats,,56
2025,12,SAMCO,Xe Ben Bùn,Xe Ben Bùn (SPV),3 seats,,6
2025,12,SAMCO,Sewage suction truck,Sewage suction truck (SPV),3 seats,,4
2025,12,SAMCO,Vaccum tank truck,Vaccum tank truck (SPV),3 seats,,2
2025,12,SAMCO,Garbage compactor truck,Garbage compactor truck (SPV),3 seats,,9
2025,12,SAMCO,Road cleaning truck,Road cleaning truck(SPV),3 seats,,1
2025,12,SAMCO,Truck,Medium truck,3 seats,,1
2025,12,Ford,Explorer,SUV,7 seats,,133
2025,12,Toyota,Innova,MPV,8 seats,,264
2025,12,Mitsubishi,Outlander,SUV,7 seats,,362
2025,11,Mitsubishi,Xforce,SUV,5 seats,2203,12091
2025,11,Mitsubishi,Xpander (CBU),MPV,7 seats,1936,13862
2025,11,THACO MAZDA,CX-5,Crossover,5 seats,1766,14666
2025,11,Ford,Ranger CKD,Pick-up,5 seats,1636,13649
2025,11,Toyota,Vios,Sedan,5 seats,1554,11452
2025,11,Honda Honda,CITY,Sedan,5 seats,1550,9214
2025,11,Ford,Territory,MPV,5 seats,1539,11124
2025,11,Ford,Everest,SUV,7 seats,1449,11209
2025,11,Honda,HR-V,SUV,5 seats,1141,5180
2025,11,THACO TRUCK,Thaco truck,Light truck,2 seats,1063,10822
2025,11,THACO TRUCK,Frontier,Small truck,2 seats,1038,10432
2025,11,Isuzu,Truck,Other Truck,3 seats,992,9661
2025,11,THACO KIA,Seltos,Crossover,5 seats,817,5395
2025,11,Toyota,Veloz Cross,MPV,7 seats,811,7036
2025,11,THACO KIA,Sonet,Crossover,5 seats,682,4795
2025,11,Toyota,Corolla Cross,SUV,5 seats,664,5622
2025,11,THACO MAZDA,Mazda2,Sedan,5 seats,591,4743
2025,11,Toyota,Innova Cross,MPV,8 seats,547,4313
2025,11,Honda,CR-V,SUV,7 seats,507,3666
2025,11,Mitsubishi,Triton,Pick-up,5 seats,469,3724
2025,11,Honda,BR-V,MPV,7 seats,429,3754
2025,11,Ford,Transit,Minibus,16 seats,418,5327
2025,11,THACO KIA,Carens,SUV,7 seats,415,3540
2025,11,Ford,Ranger CBU,Pick-up,5 seats,404,2844
2025,11,Toyota,Hilux,Pick-up,5 seats,401,3427
2025,11,Hino,HINO,Other Truck,3 seats,396,2914
2025,11,Toyota,Raize,SUV,5 seats,380,3289
2025,11,THACO KIA,Carnival,MPV,7 seats,378,4160
2025,11,THACO MAZDA,Mazda3,Sedan,5 seats,325,2546
2025,11,Toyota,Corolla Cross Hybrid,Hybrid,5 seats,324,2547
2025,11,Mitsubishi,Xpander (CKD),MPV,7 seats,298,3454
2025,11,THACO MAZDA,CX-8,SUV,7 seats,296,2313
2025,11,JMC,IZ,Light truck,,292,1901
2025,11,Suzuki,Super Carry Pro,Small truck,2 seats,276,2760
2025,11,Toyota,Innova Cross Hybrid,Hybrid,7 seats,264,2662
2025,11,Toyota,Wigo,Sedan,5 seats,262,2163
2025,11,THACO KIA,Sportage,SUV,5 seats,229,1875
2025,11,Suzuki,XL7 Hybrid,Hybrid,7 seats,199,2293
2025,11,THACO PREMIUM,Peugeot SUV,peugeot,7 seats,178,2203
2025,11,Toyota,Camry Hybrid,Hybrid,5 seats,173,1301
2025,11,BUS THACO,Thaco 28 45 seats,Large bus,28 ~ 45 seats,171,2291
2025,11,Toyota,Fortuner,SUV,7 seats,167,1822
2025,11,THACO KIA,K3,Sedan,5 seats,165,1489
2025,11,Honda,CR-V Hybrid,Hybrid,5 seats,141,1877
2025,11,Honda,HR-V Hybrid,Hybrid 5 seats,,133,719
2025,11,Mitsubishi,Attrage,Sedan,5 seats,123,1579
2025,11,THACO MAZDA,CX-30,SUV,7 seats,119,1381
2025,11,Toyota,Fortuner (CBU),SUV,7 seats,119,1019
2025,11,Suzuki,Fronx,SUV,5 seats,116,116
2025,11,Toyota,Avanza Premio CKD,MPV,7 seats,85,1041
2025,11,THACO KIA,Sorento,SUV,7 seats,83,836
2025,11,Toyota,Camry,Sedan,5 seats,79,789
2025,11,Toyota,Landcruiser,SUV,7 seats,75,554
2025,11,THACO MAZDA,CX-3 - CKD,SUV,5 seats,66,261
2025,11,THACO TRUCK,Thaco dumptruck (SPV),Dump truck (SPV),2 seats,59,667
2025,11,Toyota,Yaris Cross Hybrid,Hybrid,5 seats,57,646
2025,11,Honda,Civic,Sedan,5 seats,51,439
2025,11,Isuzu,D-Max,Pick-up,5 seats,50,520
2025,11,THACO TRUCK,Thaco truck,Small truck,2 seats,40,62
2025,11,Suzuki,Swift,Hatchback,5 seats,39,305
2025,11,THACO MAZDA,CX-3,SUV,5 seats,36,1819
2025,11,THACO KIA,Soluto,Sedan,5 seats,33,270
2025,11,THACO KIA,K5,Sedan,5 seats,33,232
2025,11,Suzuki,Jimny,SUV,4 seats,30,243
2025,11,Isuzu,mu-X,SUV,7 seats,29,248
2025,11,Toyota,Corolla,Sedan,5 seats,28,236
2025,11,Mitsubishi,Pajero Sport,SUV,7 seats,27,75
2025,11,Honda,Civic Hybrid,Hybrid,5 seats,26,238
2025,11,THACO KIA,Morning,Hatchback,5 seats,16,263
2025,11,Daewoo Truck,CL4TF/CL4T8/CL4DF,Light truck,,14,44
2025,11,Toyota,Alphard Hybrid,Hybrid,7 seats,11,130
2025,11,THACO KIA,New Sorento HEV/PHEV,Hybrid,7 seats,10,88
2025,11,Toyota,Alphard,MPV,7 seats,9,124
2025,11,Honda Honda,Accord,Sedan,5 seats,8,40
2025,11,YUCHAI YCK05 248,GRANBIRD K29S-YCK05,Medium bus,29 seats,6,16
2025,11,VIDABUS,G12,Large bus,47 seats,5,71
2025,11,VIDABUS,GVD090,City bus,60 seats,4,12
2025,11,SAMCO,Garbage compactor truck,Garbage compactor truck (SPV),3 seats,3,9
2025,11,SAMCO,SAMCO 24 CN ~ 46CN,Medium bus,27 seats,3,119
2025,11,YUCHAI YCK05 248,GRANBIRD K35S-YCK05,Large bus,35 seats,2,19
2025,11,Toyota,Corolla Hybrid,Hybrid,6 seats,2,21
2025,11,YUCHAI YCK11 410,LIMOUSINE GR36-YCK11,Large bus,36 seats,1,1
2025,11,BUS THACO,Minibus,Minibus,,1,45
2025,11,SAMCO,SAMCO B40 ~ B80,Large bus,40 seats,1,2
2025,11,VIDABUS,BS 106,City bus,60 seats,,1
2025,11,VIDABUS,G11,Large bus,47 seats,,7
2025,11,VIDABUS,G8,Large bus,29-34 seats,,102
2025,11,Daewoo Truck,HC/HU,Light truck,,,9
2025,11,YUCHAI YCK11 410,LIMOUSINE GR34W-YCK11,Large bus,34 seats,,2
2025,11,YUCHAI YCK11 410,LIMOUSINE GR26-YCK11,Medium bus,26 seats,,28
2025,11,YUCHAI YCK11 410,LIMOUSINE GR24W-YCK11,Medium bus,24 seats,,17
2025,11,YUCHAI 6MK 385,UNIVERSE K47S-YE5,Large bus,47 seats,,18
2025,11,YUCHAI 6MK 385,LIMOUSINE B26YE5-EX,Medium bus,26 seats,,6
2025,11,YUCHAI 6MK 385,LIMOUSINE B26YE5,Medium bus,26 seats,,10
2025,11,HYUDANI 425,LIMOUSINE KIA36H425-E5,Large bus,36 seats,,4
2025,11,HYUDANI 425,LIMOUSINE KIA24WH425-E5,Medium bus,24 seats,,2
2025,11,HYUDANI 425,LIMOUSINE KIA26H425-E5,Medium bus,26 seats,,12
2025,11,Honda,Civic TypeR,Others,5 seats,,2
2025,11,THACO MAZDA,Mazda 6,Sedan,5 seats,,56
2025,11,SAMCO,Xe Ben Bùn,Xe Ben Bùn (SPV),3 seats,,6
2025,11,SAMCO,Sewage suction truck,Sewage suction truck (SPV),3 seats,,4
2025,11,SAMCO,Vaccum tank truck,Vaccum tank truck (SPV),3 seats,,2
2025,11,SAMCO,Road cleaning truck,Road cleaning truck(SPV),3 seats,,1
2025,11,SAMCO,Truck,Medium truck,3 seats,,1
2025,11,Ford,Mach-E,BEV,5 seats,,21
2025,11,Ford,Explorer,SUV,7 seats,,133
2025,11,Isuzu,Bus Chassis,Chassis,,,107
2025,11,Toyota,Innova,MPV,8 seats,,264
2025,11,Mitsubishi,Outlander,SUV,7 seats,,362
2025,10,Mitsubishi,Xpander (CBU),MPV,7 seats,2341,11926
2025,10,Mitsubishi,Xforce,SUV,5 seats,1854,9888
2025,10,THACO MAZDA,CX-5,Crossover,5 seats,1594,12900
2025,10,Ford,Ranger CKD,Pick-up,5 seats,1575,12013
2025,10,Ford,Territory,MPV,5 seats,1429,9585
2025,10,Ford,Everest,SUV,7 seats,1415,9760
2025,10,Toyota,Vios,Sedan,5 seats,1402,9898
2025,10,Honda Honda,CITY,Sedan,5 seats,1287,7664
2025,10,THACO TRUCK,Thaco truck,Light truck Dump truck (SPV),2 seats,1108,9781
2025,10,THACO TRUCK,Frontier,Small truck,2 seats,1060,9394
2025,10,Isuzu,Truck,Other Truck,3 seats,1019,8669
2025,10,Toyota,Veloz Cross,MPV,8 seats,817,6225
2025,10,Toyota,Corolla Cross,SUV,5 seats,750,4958
2025,10,Honda,HR-V,SUV,5 seats,661,4039
2025,10,THACO KIA,Seltos,Crossover,5 seats,632,4578
2025,10,Honda,CR-V,SUV,7 seats,562,3159
2025,10,THACO KIA,Sonet,Crossover,5 seats,522,4113
2025,10,Toyota,Hilux,Pick-up,5 seats,522,3026
2025,10,THACO MAZDA,Mazda2,Sedan,5 seats,488,4152
2025,10,Ford,Transit,Minibus,16 seats,478,4909
2025,10,Toyota,Innova Cross,MPV,7 seats,467,3766
2025,10,Honda,BR-V,MPV,7 seats,449,3325
2025,10,Hino,HINO,Other Truck,3 seats,443,2518
2025,10,Mitsubishi,Triton,Pick-up,5 seats,441,3255
2025,10,THACO KIA,Carens,SUV,7 seats,377,3125
2025,10,Toyota,Raize,SUV,5 seats,368,2909
2025,10,Mitsubishi,Xpander (CKD),MPV,7 seats,303,3156
2025,10,Ford,Ranger CBU,Pick-up,5 seats,301,2440
2025,10,THACO MAZDA,Mazda3,Sedan,5 seats,292,2221
2025,10,THACO KIA10.V,ACMarniAvalsendtomedia_Octobe,rM2P5V,Pa7g seeats 1,290,
2025,10,Toyota,Innova Cross Hybrid,Hybrid,,287,2398
2025,10,Suzuki,Super Carry Pro,Small truck,2 seats,272,2484
2025,10,Toyota,Corolla Cross Hybrid,Hybrid,,270,2223
2025,10,JMC,IZ,Light truck,,258,1609
2025,10,Suzuki,XL7 Hybrid,Hybrid,7 seats,249,2094
2025,10,Toyota,Wigo,Sedan,5 seats,244,1901
2025,10,THACO MAZDA,CX-8,SUV,7 seats,228,2017
2025,10,Toyota,Fortuner,SUV,8 seats,195,1655
2025,10,THACO PREMIUM,Peugeot SUV,peugeot,7 seats,183,2025
2025,10,Honda,CR-V Hybrid,Hybrid,5 seats,178,1736
2025,10,Toyota,Camry Hybrid,Hybrid,,158,1128
2025,10,BUS THACO,Thaco 28 45 seats,Large bus,28 ~ 45 seats,145,2120
2025,10,Mitsubishi,Attrage,Sedan,5 seats,143,1456
2025,10,THACO KIA,Sportage,SUV,5 seats,141,1646
2025,10,THACO KIA,Sorento,SUV,7 seats,123,753
2025,10,THACO MAZDA,CX-30,SUV,7 seats,119,1262
2025,10,Toyota,Avanza Premio CKD,MPV,7 seats,107,956
2025,10,Honda,HR-V Hybrid,Hybrid 5 seats,,105,586
2025,10,Toyota,Fortuner (CBU),SUV,8 seats,105,900
2025,10,THACO KIA,K3,Sedan,5 seats,96,1324
2025,10,Toyota,Yaris Cross Hybrid,Hybrid,,85,589
2025,10,Isuzu,D-Max,Pick-up,5 seats,83,470
2025,10,Toyota,Camry,Sedan,5 seats,71,710
2025,10,Suzuki,Swift,Hatchback 5 seats,,57,266
2025,10,THACO MAZDA,CX-3 - CKD,SUV,5 seats,53,195
2025,10,Toyota,Landcruiser 200 GX 470,SUV,8 seats,44,479
2025,10,THACO MAZDA,CX-3,SUV,5 seats,40,1783
2025,10,Honda,Civic,Sedan,5 seats,36,388
2025,10,Honda,Civic Hybrid,Hybrid,5 seats,33,212
2025,10,Isuzu,mu-X,SUV,7 seats,33,219
2025,10,THACO KIA,Morning,Hatchback,5 seats,29,247
2025,10,Toyota,Corolla,Sedan,5 seats,25,208
2025,10,THACO KIA,K5,Sedan,5 seats,23,199
2025,10,THACO KIA,Soluto,Sedan,5 seats,22,237
2025,10,THACO TRUCK,Thaco dumptruck (SPV),,2 seats,19,608
2025,10,Toyota,Alphard Hybrid,Hybrid,8 seats,18,119
2025,10,Suzuki,Jimny,SUV,4 seats,17,213
2025,10,Toyota,Alphard,MPV,7 seats,13,115
2025,10,Daewoo Truck,CL4TF/CL4T8/CL4DF,Light truck,,12,30
2025,10,VIDABUS,G12,Large bus,47 seats,11,66
2025,10,THACO KIA,New Sorento HEV/PHEV,Hybrid,7 seats,10,78
2025,10,Ford,Mach-E,BEV,5 seats,8,21
2025,10,VIDABUS,G8,Large bus,29-34 seats,7,102
2025,10,SAMCO,SAMCO 24 CN ~ 46CN,Medium bus,27 seats,6,116
2025,10,Toyota,Corolla Hybrid,Hybrid,6 seats,4,19
2025,10,YUCHAI YCK05 248,GRANBIRD K29S-YCK05,Medium bus,29 seats,3,10
2025,10,Honda Honda,Accord,Sedan,5 seats,3,32
2025,10,Daewoo Truck,HC/HU,Light truck,,2,9
2025,10,YUCHAI YCK11 410,LIMOUSINE GR26-YCK11,Medium bus,26 seats,2,28
2025,10,SAMCO,Garbage compactor truck,Garbage compactor truck (SPV),3 seats,2,6
2025,10,VIDABUS,GVD090,City bus,60 seats,1,8
2025,10,YUCHAI YCK05 248,GRANBIRD K35S-YCK05,Large bus,35 seats,1,17
2025,10,VIDABUS,BS 106,City bus,60 seats,,1
2025,10,VIDABUS,G11,Large bus,47 seats,,7
2025,10,YUCHAI YCK11 410,LIMOUSINE GR34W-YCK11,Large bus,34 seats,,2
2025,10,YUCHAI YCK11 410,LIMOUSINE GR24W-YCK11,Medium bus,24 seats,,17
2025,10,YUCHAI 6MK 385,UNIVERSE K47S-YE5,Large bus,47 seats,,18
2025,10,YUCHAI 6MK 385,LIMOUSINE B26YE5-EX,Medium bus,26 seats,,6
2025,10,YUCHAI 6MK 385,LIMOUSINE B26YE5,Medium bus,26 seats,,10
2025,10,HYUDANI 425,LIMOUSINE KIA36H425-E5,Large bus,36 seats,,4
2025,10,HYUDANI 425,LIMOUSINE KIA24WH425-E5,Medium bus,24 seats,,2
2025,10,HYUDANI 425,LIMOUSINE KIA26H425-E5,Medium bus,26 seats,,12
2025,10,Honda,Civic TypeR,Others,5 seats,,2
2025,10,BUS THACO,Minibus,Minibus,,,44
2025,10,THACO MAZDA,Mazda 6,Sedan,5 seats,,56
2025,10,SAMCO,Xe Ben Bùn,Xe Ben Bùn (SPV),3 seats,,6
2025,10,SAMCO,Sewage suction truck,Sewage suction truck (SPV),3 seats,,4
2025,10,SAMCO,Vaccum tank truck,Vaccum tank truck (SPV),3 seats,,2
2025,10,SAMCO,Road cleaning truck,Road cleaning truck(SPV),3 seats,,1
2025,10,SAMCO,Truck,Medium truck,3 seats,,1
2025,10,SAMCO,SAMCO B40 ~ B80,Large bus,40 seats,,1
2025,10,Ford,Explorer,SUV,7 seats,,133
2025,10,Isuzu,Bus Chassis,Chassis,,,107
2025,10,Toyota,Innova,MPV,8 seats,,264
2025,10,Mitsubishi,Pajero Sport,SUV,7 seats,,48
2025,10,Mitsubishi,Outlander,SUV,7 seats,,362
2025,9,Isuzu,Truck,Other Truck,3 seats,1430,7650
2025,9,Mitsubishi,Xpander (CBU),MPV,7 seats,1417,9585
2025,9,Ford,Ranger CKD,Pick-up,5 seats,1396,10438
2025,9,Mitsubishi,Xforce,SUV,5 seats,1374,8034
2025,9,THACO MAZDA,CX-5,Crossover,5 seats,1311,11306
2025,9,Toyota,Vios,Sedan,5 seats,1292,8496
2025,9,THACO TRUCK,Thaco truck,Light truck Dump truck (SPV),2 seats,1163,8673
2025,9,Ford,Territory,MPV,5 seats,1120,8156
2025,9,Ford,Everest,SUV,7 seats,1069,8345
2025,9,THACO TRUCK,Frontier,Small truck,2 seats,854,8334
2025,9,Toyota,Veloz Cross,MPV,8 seats,815,5408
2025,9,Toyota,Corolla Cross,SUV,5 seats,681,4208
2025,9,Mitsubishi,Triton,Pick-up,5 seats,484,2814
2025,9,Honda Honda,CITY,Sedan,5 seats,475,6377
2025,9,THACO MAZDA,Mazda2,Sedan,5 seats,432,3664
2025,9,THACO KIA,Seltos,Crossover,5 seats,430,3946
2025,9,Toyota,Innova Cross,MPV,7 seats,412,3299
2025,9,Ford,Transit,Minibus,16 seats,384,4431
2025,9,THACO KIA,Sonet,Crossover,5 seats,378,3591
2025,9,Mitsubishi,Xpander (CKD),MPV,7 seats,375,2853
2025,9,THACO KIA,Carens,SUV,7 seats,348,2748
2025,9,Hino,HINO,Other Truck,3 seats,324,2075
2025,9,Toyota,Hilux,Pick-up,5 seats,311,2504
2025,9,Honda,BR-V,MPV,7 seats,304,2876
2025,9,Toyota,Corolla Cross Hybrid,Hybrid,,303,1953
2025,9,Honda,HR-V,SUV,5 seats,300,3378
2025,9,Toyota,Raize,SUV,5 seats,290,2541
2025,9,Ford,Ranger CBU,Pick-up,5 seats,287,2139
2025,9,Honda,CR-V Hybrid,Hybrid,5 seats,273,1558
2025,9,THACO KIA9. VA,CMarnAivaslendtomedia_Septem,bMePVr25,Pa7g seeats 1,260,
2025,9,Toyota,Innova Cross Hybrid,Hybrid,,259,2111
2025,9,Suzuki,Super Carry Pro,Small truck,2 seats,252,2212
2025,9,Suzuki,XL7 Hybrid,Hybrid,7 seats,249,1845
2025,9,THACO MAZDA,Mazda3,Sedan,5 seats,246,1929
2025,9,Honda,CR-V,SUV,7 seats,212,2597
2025,9,THACO MAZDA,CX-8,SUV,7 seats,194,1789
2025,9,Mitsubishi,Attrage,Sedan,5 seats,155,1313
2025,9,JMC,IZ,Light truck,,150,1351
2025,9,THACO PREMIUM,Peugeot SUV,peugeot,7 seats,143,1842
2025,9,THACO KIA,Sportage,SUV,5 seats,141,1505
2025,9,BUS THACO,Thaco 28 45 seats,Large bus,28 ~ 45 seats,140,1975
2025,9,Toyota,Fortuner,SUV,8 seats,137,1460
2025,9,Toyota,Yaris Cross Hybrid,Hybrid,,122,504
2025,9,THACO MAZDA,CX-30,SUV,7 seats,120,1143
2025,9,Toyota,Wigo,Sedan,5 seats,110,1657
2025,9,THACO KIA,K3,Sedan,5 seats,100,1228
2025,9,THACO KIA,Sorento,SUV,7 seats,98,630
2025,9,Toyota,Fortuner (CBU),SUV,8 seats,96,795
2025,9,Toyota,Avanza Premio CKD,MPV,7 seats,90,849
2025,9,Suzuki,Swift,Hatchback 5 seats,,70,209
2025,9,Toyota,Landcruiser 200 GX 470,SUV,8 seats,69,435
2025,9,Honda,HR-V Hybrid,Hybrid 5 seats,,63,481
2025,9,THACO MAZDA,CX-3,SUV,5 seats,63,1743
2025,9,Isuzu,D-Max,Pick-up,5 seats,53,387
2025,9,Toyota,Camry Hybrid,Hybrid,,51,970
2025,9,Honda,Civic,Sedan,5 seats,45,352
2025,9,THACO KIA,Morning,Hatchback,5 seats,32,218
2025,9,THACO TRUCK,Thaco dumptruck (SPV),,2 seats,28,589
2025,9,THACO MAZDA,CX-3 - CKD,SUV,5 seats,27,142
2025,9,Toyota,Camry,Sedan,5 seats,27,639
2025,9,Honda,Civic Hybrid,Hybrid,5 seats,26,179
2025,9,THACO KIA,K5,Sedan,5 seats,19,176
2025,9,THACO KIA,Soluto,Sedan,5 seats,18,215
2025,9,Toyota,Alphard,MPV,7 seats,18,102
2025,9,Toyota,Corolla,Sedan,5 seats,16,183
2025,9,Isuzu,mu-X,SUV,7 seats,15,186
2025,9,THACO KIA,New Sorento HEV/PHEV,Hybrid,7 seats,13,68
2025,9,Ford,Mach-E,BEV,5 seats,13,13
2025,9,Suzuki,Jimny,SUV,4 seats,13,196
2025,9,Isuzu,Bus Chassis,Chassis,,12,107
2025,9,Toyota,Alphard Hybrid,Hybrid,8 seats,11,101
2025,9,SAMCO,SAMCO 24 CN ~ 46CN,Medium bus,27 seats,7,110
2025,9,Honda Honda,Accord,Sedan,5 seats,5,29
2025,9,BUS THACO,Minibus,Minibus,,5,44
2025,9,VIDABUS,G8,Large bus,29-34 seats,4,95
2025,9,YUCHAI YCK05 248,GRANBIRD K35S-YCK05,Large bus,35 seats,4,16
2025,9,YUCHAI YCK05 248,GRANBIRD K29S-YCK05,Medium bus,29 seats,4,7
2025,9,Toyota,Innova,MPV,8 seats,4,264
2025,9,YUCHAI YCK11 410,LIMOUSINE GR26-YCK11,Medium bus,26 seats,2,26
2025,9,VIDABUS,GVD090,City bus,60 seats,1,7
2025,9,Honda,Civic TypeR,Others,5 seats,1,2
2025,9,SAMCO,SAMCO B40 ~ B80,Large bus,40 seats,1,1
2025,9,Ford,Explorer,SUV,7 seats,1,133
2025,9,Toyota,Corolla Hybrid,Hybrid,6 seats,1,15
2025,9,VIDABUS,BS 106,City bus,60 seats,,1
2025,9,VIDABUS,G12,Large bus,47 seats,,55
2025,9,VIDABUS,G11,Large bus,47 seats,,7
2025,9,Daewoo Truck,HC/HU,Light truck,,,7
2025,9,Daewoo Truck,CL4TF/CL4T8/CL4DF,Light truck,,,18
2025,9,YUCHAI YCK11 410,LIMOUSINE GR34W-YCK11,Large bus,34 seats,,2
2025,9,YUCHAI YCK11 410,LIMOUSINE GR24W-YCK11,Medium bus,24 seats,,17
2025,9,YUCHAI 6MK 385,UNIVERSE K47S-YE5,Large bus,47 seats,,18
2025,9,YUCHAI 6MK 385,LIMOUSINE B26YE5-EX,Medium bus,26 seats,,6
2025,9,YUCHAI 6MK 385,LIMOUSINE B26YE5,Medium bus,26 seats,,10
2025,9,HYUDANI 425,LIMOUSINE KIA36H425-E5,Large bus,36 seats,,4
2025,9,HYUDANI 425,LIMOUSINE KIA24WH425-E5,Medium bus,24 seats,,2
2025,9,HYUDANI 425,LIMOUSINE KIA26H425-E5,Medium bus,26 seats,,12
2025,9,THACO MAZDA,Mazda 6,Sedan,5 seats,,56
2025,9,SAMCO,Xe Ben Bùn,Xe Ben Bùn (SPV),3 seats,,6
2025,9,SAMCO,Sewage suction truck,Sewage suction truck (SPV),3 seats,,4
2025,9,SAMCO,Vaccum tank truck,Vaccum tank truck (SPV),3 seats,,2
2025,9,SAMCO,Garbage compactor truck,Garbage compactor truck (SPV),3 seats,,4
2025,9,SAMCO,Road cleaning truck,Road cleaning truck(SPV),3 seats,,1
2025,9,SAMCO,Truck,Medium truck,3 seats,,1
2025,9,Mitsubishi,Pajero Sport,SUV,7 seats,,48
2025,9,Mitsubishi,Outlander,SUV,7 seats,,362
2025,8,Ford,Ranger CKD,Pick-up,5 seats,1324,9042
2025,8,Honda Honda,CITY,Sedan,5 seats,1136,5902
2025,8,THACO TRUCK,Thaco truck,Light truck Dump truck (SPV),2 seats,1107,7510
2025,8,Ford,Everest,SUV,7 seats,1053,7276
2025,8,THACO MAZDA,CX-5,Crossover,5 seats,1025,9995
2025,8,Isuzu,Truck,Other Truck,3 seats,1001,6220
2025,8,THACO TRUCK,Frontier,Small truck,2 seats,930,7480
2025,8,Mitsubishi,Xforce,SUV,5 seats,900,6660
2025,8,Mitsubishi,Xpander (CBU),MPV,7 seats,732,8168
2025,8,Toyota,Vios,Sedan,5 seats,726,7204
2025,8,Toyota,Veloz Cross,MPV,8 seats,639,4593
2025,8,Ford,Transit,Minibus,16 seats,501,4047
2025,8,Ford,Territory,MPV,5 seats,481,7036
2025,8,Toyota,Corolla Cross,SUV,5 seats,455,3527
2025,8,THACO KIA,Seltos,Crossover,5 seats,409,3516
2025,8,THACO MAZDA,Mazda2,Sedan,5 seats,399,3232
2025,8,Toyota,Innova Cross,MPV,7 seats,356,2887
2025,8,Toyota,Hilux,Pick-up,5 seats,330,2193
2025,8,THACO KIA,Sonet,Crossover,5 seats,318,3213
2025,8,Toyota,Raize,SUV,5 seats,304,2251
2025,8,Honda,HR-V,SUV,5 seats,289,3078
2025,8,Hino,HINO,Other Truck,3 seats,275,1751
2025,8,Honda,CR-V Hybrid,Hybrid,5 seats,267,1285
2025,8,THACO KIA8. VA,CMarnAivaslendtomedia_August2,M5PV,Pa7g seeats 1,263,
2025,8,Suzuki,Super Carry Pro,Small truck,2 seats,246,1960
2025,8,Honda,BR-V,MPV,7 seats,245,2572
2025,8,Mitsubishi,Triton,Pick-up,5 seats,242,2330
2025,8,THACO KIA,Carens,SUV,7 seats,232,2400
2025,8,Toyota,Innova Cross Hybrid,Hybrid,,221,1852
2025,8,Suzuki,XL7 Hybrid,Hybrid,7 seats,219,1596
2025,8,Toyota,Corolla Cross Hybrid,Hybrid,,218,1650
2025,8,Honda,CR-V,SUV,7 seats,216,2385
2025,8,BUS THACO,Thaco 28 45 seats,Large bus,28 ~ 45 seats,197,1835
2025,8,THACO MAZDA,Mazda3,Sedan,5 seats,197,1683
2025,8,Ford,Ranger CBU,Pick-up,5 seats,187,1852
2025,8,JMC,IZ,Light truck,,179,1201
2025,8,Mitsubishi,Xpander (CKD),MPV,7 seats,174,2478
2025,8,Toyota,Wigo,Sedan,5 seats,170,1547
2025,8,THACO MAZDA,CX-8,SUV,7 seats,157,1595
2025,8,THACO PREMIUM,Peugeot SUV,peugeot,7 seats,153,1699
2025,8,Toyota,Fortuner (CBU),SUV,8 seats,146,699
2025,8,Suzuki,Swift,Hatchback 5 seats,,139,139
2025,8,Toyota,Yaris Cross Hybrid,Hybrid,,135,382
2025,8,THACO KIA,Sportage,SUV,5 seats,127,1364
2025,8,Toyota,Fortuner,SUV,8 seats,120,1323
2025,8,THACO MAZDA,CX-3 - CKD,SUV,5 seats,115,115
2025,8,Toyota,Camry Hybrid,Hybrid,,113,919
2025,8,THACO KIA,K3,Sedan,5 seats,104,1128
2025,8,Mitsubishi,Attrage,Sedan,5 seats,87,1158
2025,8,THACO MAZDA,CX-30,SUV,7 seats,84,1023
2025,8,Toyota,Avanza Premio CKD,MPV,7 seats,80,759
2025,8,Toyota,Landcruiser 200 GX 470,SUV,8 seats,77,366
2025,8,Honda,HR-V Hybrid,Hybrid 5 seats,,64,418
2025,8,Toyota,Camry,Sedan,5 seats,62,612
2025,8,THACO KIA,Sorento,SUV,7 seats,60,532
2025,8,Mitsubishi,Outlander,SUV,7 seats,45,362
2025,8,Isuzu,D-Max,Pick-up,5 seats,37,334
2025,8,Honda,Civic Hybrid,Hybrid,5 seats,33,153
2025,8,Toyota,Innova,MPV,8 seats,28,260
2025,8,Isuzu,mu-X,SUV,7 seats,23,171
2025,8,Honda,Civic,Sedan,5 seats,22,307
2025,8,Suzuki,Jimny,SUV,4 seats,22,183
2025,8,THACO KIA,K5,Sedan,5 seats,21,157
2025,8,Toyota,Alphard,MPV,7 seats,21,84
2025,8,THACO TRUCK,Thaco dumptruck (SPV),,2 seats,20,561
2025,8,Toyota,Alphard Hybrid,Hybrid,8 seats,17,90
2025,8,Toyota,Corolla,Sedan,5 seats,15,167
2025,8,Isuzu,Bus Chassis,Chassis,,12,95
2025,8,THACO KIA,Soluto,Sedan,5 seats,11,197
2025,8,THACO KIA,New Sorento HEV/PHEV,Hybrid,7 seats,11,55
2025,8,VIDABUS,G11,Large bus,47 seats,7,7
2025,8,VIDABUS,G8,Large bus,29-34 seats,7,91
2025,8,YUCHAI YCK05 248,GRANBIRD K35S-YCK05,Large bus,35 seats,7,12
2025,8,THACO KIA,Morning,Hatchback,5 seats,5,186
2025,8,Daewoo Truck,HC/HU,Light truck,,4,7
2025,8,YUCHAI YCK11 410,LIMOUSINE GR26-YCK11,Medium bus,26 seats,4,24
2025,8,SAMCO,SAMCO 24 CN ~ 46CN,Medium bus,27 seats,4,103
2025,8,Toyota,Corolla Hybrid,Hybrid,6 seats,4,14
2025,8,Daewoo Truck,CL4TF/CL4T8/CL4DF,Light truck,,3,18
2025,8,Honda Honda,Accord,Sedan,5 seats,3,24
2025,8,BUS THACO,Minibus,Minibus,,3,39
2025,8,HYUDANI 425,LIMOUSINE KIA26H425-E5,Medium bus,26 seats,1,12
2025,8,SAMCO,Garbage compactor truck,Garbage compactor truck (SPV),3 seats,1,4
2025,8,VIDABUS,BS 106,City bus,60 seats,,1
2025,8,VIDABUS,GVD090,City bus,60 seats,,6
2025,8,VIDABUS,G12,Large bus,47 seats,,55
2025,8,YUCHAI YCK05 248,GRANBIRD K29S-YCK05,Medium bus,29 seats,,3
2025,8,YUCHAI YCK11 410,LIMOUSINE GR34W-YCK11,Large bus,34 seats,,2
2025,8,YUCHAI YCK11 410,LIMOUSINE GR24W-YCK11,Medium bus,24 seats,,17
2025,8,YUCHAI 6MK 385,UNIVERSE K47S-YE5,Large bus,47 seats,,18
2025,8,YUCHAI 6MK 385,LIMOUSINE B26YE5-EX,Medium bus,26 seats,,6
2025,8,YUCHAI 6MK 385,LIMOUSINE B26YE5,Medium bus,26 seats,,10
2025,8,HYUDANI 425,LIMOUSINE KIA36H425-E5,Large bus,36 seats,,4
2025,8,HYUDANI 425,LIMOUSINE KIA24WH425-E5,Medium bus,24 seats,,2
2025,8,Honda,Civic TypeR,Others,5 seats,,1
2025,8,THACO MAZDA,Mazda 6,Sedan,5 seats,,56
2025,8,SAMCO,Xe Ben Bùn,Xe Ben Bùn (SPV),3 seats,,6
2025,8,SAMCO,Sewage suction truck,Sewage suction truck (SPV),3 seats,,4
2025,8,SAMCO,Vaccum tank truck,Vaccum tank truck (SPV),3 seats,,2
2025,8,SAMCO,Road cleaning truck,Road cleaning truck(SPV),3 seats,,1
2025,8,SAMCO,Truck,Medium truck,3 seats,,1
2025,8,Ford,Explorer,SUV,7 seats,,132
2025,8,Mitsubishi,Pajero Sport,SUV,7 seats,,48
2025,7,THACO MAZDA,CX-5,Crossover,5 seats,1586,8970
2025,7,Ford,Ranger CKD,Pick-up,5 seats,1364,7718
2025,7,Mitsubishi,Xpander (CBU),MPV,7 seats,1229,7436
2025,7,Toyota,Vios,Sedan,5 seats,1213,6478
2025,7,Mitsubishi,Xforce,SUV,5 seats,1185,5760
2025,7,Honda Honda,CITY,Sedan,5 seats,1181,4766
2025,7,Ford,Everest,SUV,7 seats,1089,6223
2025,7,THACO TRUCK,Frontier,Small truck,2 seats,1082,6550
2025,7,THACO TRUCK,Thaco truck,Light truck Dump truck (SPV),2 seats,1055,6403
2025,7,Isuzu,Truck,Other Truck,3 seats,975,5219
2025,7,Ford,Territory,MPV,5 seats,925,6555
2025,7,Toyota,Veloz Cross,MPV,8 seats,805,3954
2025,7,Toyota,Corolla Cross,SUV,5 seats,603,3072
2025,7,Ford,Transit,Minibus,16 seats,526,3546
2025,7,THACO KIA,Seltos,Crossover,5 seats,502,3107
2025,7,Honda,HR-V,SUV,5 seats,458,2789
2025,7,THACO MAZDA,Mazda2,Sedan,5 seats,440,2833
2025,7,THACO KIA,Sonet,Crossover,5 seats,406,2895
2025,7,Toyota,Innova Cross,MPV,7 seats,399,2531
2025,7,THACO KIA,Carnival,MPV,7 seats,398,2969
2025,7,Toyota,Hilux,Pick-up,5 seats,390,1863
2025,7,THACO KIA,Carens,SUV,7 seats,374,2168
2025,7,Toyota,Raize,SUV,5 seats,370,1947
2025,7,Honda,CR-V,SUV,7 seats,354,2169
2025,7,Honda,BR-V,MPV,7 seats,333,2327
2025,7,Mitsubishi,Xpander (CKD),MPV,7 seats,324,2304
2025,7,Toyota,Innova Cross Hybrid,Hybrid,,318,1631
2025,7,BUS THACO,Thaco 28 45 seats,Large bus,28 ~ 45 seats,315,1638
2025,7,Hino,HINO,Other Truck,3 seats,280,1476
2025,7,Mitsubishi,Triton,Pick-up,5 seats,272,2088
2025,7,Suzuki,Super Carry Pro,Small truck,2 seats,245,1714
2025,7,Toyota,Corolla Cross Hybrid,Hybrid,,238,1432
2025,7,Ford,Ranger CBU,Pick-up,5 seats,234,1665
2025,7,THACO MAZDA,Mazda3,Sedan,5 seats,231,1486
2025,7,Toyota,Fortuner,SUV,8 seats,230,1203
2025,7,THACO PREMIUM,Peugeot SUV,peugeot,7 seats,222,1546
2025,7,Toyota,Wigo,Sedan,5 seats,219,1377
2025,7,THACO MAZDA,CX-8,SUV,7 seats,212,1438
2025,7,THACO KIA,Sportage,SUV,5 seats,195,1237
2025,7,Suzuki,XL7 Hybrid,Hybrid,,184,1377
2025,7,Mitsubishi,Attrage,Sedan,5 seats,184,1071
2025,7,JMC,IZ,Light truck,,159,1022
2025,7,Honda,CR-V Hybrid,Hybrid,5 seats,141,1018
2025,7,THACO MAZDA,CX-30,SUV,7 seats,137,939
2025,7,THACO KIA,K3,Sedan,5 seats,125,1024
2025,7,Toyota,Camry Hybrid,Hybrid,,121,806
2025,7,Toyota,Fortuner (CBU),SUV,8 seats,117,553
2025,7,THACO MAZDA,CX-3,SUV,5 seats,111,1680
2025,7,Toyota,Avanza Premio CKD,MPV,7 seats,111,679
2025,7,Honda,HR-V Hybrid,Hybrid 5 seats,,86,354
2025,7,THACO KIA,Sorento,SUV,7 seats,73,472
2025,7,Toyota,Camry,Sedan,5 seats,72,550
2025,7,Toyota,Landcruiser 200 GX 470,SUV,8 seats,67,289
2025,7,Toyota,Yaris Cross Hybrid,Hybrid,,60,247
2025,7,Honda,Civic,Sedan,5 seats,46,285
2025,7,Isuzu,D-Max,Pick-up,5 seats,42,297
2025,7,THACO TRUCK,Thaco dumptruck (SPV),,2 seats,39,541
2025,7,Toyota,Innova,MPV,8 seats,38,232
2025,7,Mitsubishi,Outlander,SUV,7 seats,37,317
2025,7,THACO KIA,Soluto,Sedan,5 seats,22,186
2025,7,SAMCO,SAMCO 24 CN ~ 46CN,Medium bus,27 seats,22,99
2025,7,Toyota,Corolla,Sedan,5 seats,19,152
2025,7,THACO KIA7. VA,KM5Asendtomedia_July25,Sedan,Pa5g seeats 1,18,
2025,7,Suzuki,Jimny,SUV,4 seats,17,161
2025,7,Isuzu,mu-X,SUV,7 seats,16,148
2025,7,Honda,Civic Hybrid,Hybrid,5 seats,14,120
2025,7,Toyota,Alphard Hybrid,Hybrid,8 seats,14,73
2025,7,BUS THACO,Minibus,Minibus,,11,36
2025,7,VIDABUS,G8,Large bus,29-34 seats,8,84
2025,7,Toyota,Alphard,MPV,7 seats,8,63
2025,7,THACO KIA,Morning,Hatchback,5 seats,7,181
2025,7,THACO KIA,New Sorento HEV/PHEV,Hybrid,7 seats,6,44
2025,7,YUCHAI YCK05 248,GRANBIRD K35S-YCK05,Large bus,35 seats,5,5
2025,7,VIDABUS,GVD090,City bus,60 seats,4,6
2025,7,Honda Honda,Accord,Sedan,5 seats,4,21
2025,7,Toyota,Corolla Hybrid,Hybrid,6 seats,4,10
2025,7,YUCHAI YCK05 248,GRANBIRD K29S-YCK05,Medium bus,29 seats,3,3
2025,7,YUCHAI YCK11 410,LIMOUSINE GR24W-YCK11,Medium bus,24 seats,3,17
2025,7,VIDABUS,G12,Large bus,47 seats,2,55
2025,7,YUCHAI YCK11 410,LIMOUSINE GR34W-YCK11,Large bus,34 seats,2,2
2025,7,YUCHAI YCK11 410,LIMOUSINE GR26-YCK11,Medium bus,26 seats,2,20
2025,7,HYUDANI 425,LIMOUSINE KIA36H425-E5,Large bus,36 seats,2,4
2025,7,HYUDANI 425,LIMOUSINE KIA26H425-E5,Medium bus,26 seats,1,11
2025,7,SAMCO,Garbage compactor truck,Garbage compactor truck (SPV),3 seats,1,3
2025,7,Ford,Explorer,SUV,7 seats,1,132
2025,7,VIDABUS,BS 106,City bus,60 seats,,1
2025,7,Daewoo Truck,HC/HU,Light truck,,,3
2025,7,Daewoo Truck,CL4TF/CL4T8/CL4DF,Light truck,,,15
2025,7,YUCHAI 6MK 385,UNIVERSE K47S-YE5,Large bus,47 seats,,18
2025,7,YUCHAI 6MK 385,LIMOUSINE B26YE5-EX,Medium bus,26 seats,,6
2025,7,YUCHAI 6MK 385,LIMOUSINE B26YE5,Medium bus,26 seats,,10
2025,7,HYUDANI 425,LIMOUSINE KIA24WH425-E5,Medium bus,24 seats,,2
2025,7,Honda,Civic TypeR,Others,5 seats,,1
2025,7,THACO MAZDA,Mazda 6,Sedan,5 seats,,56
2025,7,SAMCO,Xe Ben Bùn,Xe Ben Bùn (SPV),3 seats,,6
2025,7,SAMCO,Sewage suction truck,Sewage suction truck (SPV),3 seats,,4
2025,7,SAMCO,Vaccum tank truck,Vaccum tank truck (SPV),3 seats,,2
2025,7,SAMCO,Road cleaning truck,Road cleaning truck(SPV),3 seats,,1
2025,7,SAMCO,Truck,Medium truck,3 seats,,1
2025,7,Isuzu,Bus Chassis,Chassis,,,59
2025,7,Mitsubishi,Pajero Sport,SUV,7 seats,,48
2025,6,THACO MAZDA,CX-5,Crossover,5 seats,1500,7384
2025,6,Mitsubishi,Xforce,SUV,5 seats,1431,4575
2025,6,Mitsubishi,Xpander (CBU),MPV,7 seats,1382,6207
2025,6,THACO TRUCK,Thaco truck,Light truck Dump truck (SPV),2 seats,1313,5348
2025,6,Ford,Ranger CKD,Pick-up,5 seats,1181,6354
2025,6,Ford,Everest,SUV,7 seats,1122,5134
2025,6,Ford,Territory,MPV,5 seats,1109,5630
2025,6,Toyota,Vios,Sedan,5 seats,1059,5265
2025,6,THACO TRUCK,Frontier,Small truck,2 seats,960,5468
2025,6,Isuzu,Truck,Other Truck,3 seats,781,4244
2025,6,Toyota,Veloz Cross,MPV,8 seats,766,3149
2025,6,Toyota,Corolla Cross,SUV,5 seats,541,2469
2025,6,Ford,Transit,Minibus,16 seats,532,3020
2025,6,Toyota,Innova Cross,MPV,7 seats,528,2132
2025,6,THACO KIA,Seltos,Crossover,5 seats,506,2605
2025,6,THACO MAZDA,Mazda2,Sedan,5 seats,458,2393
2025,6,THACO KIA,Carnival,MPV,7 seats,436,2571
2025,6,THACO KIA,Sonet,Crossover,5 seats,419,2489
2025,6,Honda,HR-V,SUV,5 seats,392,2331
2025,6,THACO MAZDA,CX-3,SUV,5 seats,370,1569
2025,6,THACO KIA,Carens,SUV,7 seats,364,1794
2025,6,Mitsubishi,Xpander (CKD),MPV,7 seats,342,1980
2025,6,Honda Honda,CITY,Sedan,5 seats,319,3585
2025,6,Mitsubishi,Triton,Pick-up,5 seats,317,1816
2025,6,Toyota,Innova Cross Hybrid,Hybrid,,306,1313
2025,6,Honda,CR-V,SUV,7 seats,298,1815
2025,6,BUS THACO,Thaco 28 45 seats,Large bus,28 ~ 45 seats,298,1323
2025,6,Honda,BR-V,MPV,7 seats,288,1994
2025,6,Toyota,Hilux,Pick-up,5 seats,280,1473
2025,6,Toyota,Corolla Cross Hybrid,Hybrid,,265,1194
2025,6,Toyota,Raize,SUV,5 seats,253,1577
2025,6,Hino,HINO,Other Truck,3 seats,250,1196
2025,6,THACO PREMIUM,Peugeot SUV,peugeot,7 seats,228,1324
2025,6,Suzuki,Super Carry Pro,Small truck,2 seats,227,1469
2025,6,Suzuki,XL7 Hybrid,Hybrid,,223,1193
2025,6,Ford,Ranger CBU,Pick-up,5 seats,222,1431
2025,6,THACO MAZDA,CX-8,SUV,7 seats,207,1226
2025,6,Toyota,Wigo,Sedan,5 seats,196,1158
2025,6,THACO MAZDA,Mazda3,Sedan,5 seats,184,1255
2025,6,Toyota,Fortuner,SUV,8 seats,183,973
2025,6,THACO KIA,Sportage,SUV,5 seats,172,1042
2025,6,THACO MAZDA,CX-30,SUV,7 seats,163,802
2025,6,Mitsubishi,Attrage,Sedan,5 seats,160,887
2025,6,JMC,IZ,Light truck,,155,863
2025,6,Toyota,Camry Hybrid,Hybrid,,145,685
2025,6,Honda,CR-V Hybrid,Hybrid,5 seats,137,877
2025,6,THACO KIA,K3,Sedan,5 seats,116,899
2025,6,Toyota,Fortuner (CBU),SUV,8 seats,115,436
2025,6,Toyota,Avanza Premio CKD,MPV,7 seats,109,568
2025,6,THACO KIA,Sorento,SUV,7 seats,97,399
2025,6,Toyota,Camry,Sedan,5 seats,78,478
2025,6,Toyota,Landcruiser 200 GX 470,SUV,8 seats,77,222
2025,6,Toyota,Innova,MPV,8 seats,46,194
2025,6,THACO TRUCK,Thaco dumptruck (SPV),,2 seats,42,502
2025,6,Honda,HR-V Hybrid,Hybrid,5 seats,38,268
2025,6,Honda,Civic,Sedan,5 seats,38,239
2025,6,Suzuki,Jimny,SUV,4 seats,33,144
2025,6,Toyota,Yaris Cross Hybrid,Hybrid,,32,187
2025,6,Isuzu,D-Max,Pick-up,5 seats,31,255
2025,6,Mitsubishi,Outlander,SUV,7 seats,31,280
2025,6,THACO KIA,Soluto,Sedan,5 seats,30,164
2025,6,Isuzu,mu-X,SUV,7 seats,23,132
2025,6,Toyota,Corolla,Sedan,5 seats,22,133
2025,6,Toyota,Alphard Hybrid,Hybrid,8 seats,21,59
2025,6,THACO KIA 6. V,AK5MAsendtomedia_June25,Sedan,P5a sgeates 1,20,
2025,6,SAMCO,SAMCO 24 CN ~ 46CN,Medium bus,27 seats,20,77
2025,6,VIDABUS,G8,Large bus,29-34 seats,12,76
2025,6,YUCHAI YCK11 410,LIMOUSINE GR26-YCK11,Medium bus,26 seats,11,18
2025,6,Honda,Civic Hybrid,Hybrid,5 seats,11,106
2025,6,THACO KIA,New Sorento HEV/PHEV,Hybrid,7 seats,11,38
2025,6,THACO KIA,Morning,Hatchback,5 seats,6,174
2025,6,Toyota,Alphard,MPV,7 seats,5,55
2025,6,Daewoo Truck,CL4TF/CL4T8/CL4DF,Light truck,,4,15
2025,6,Daewoo Truck,HC/HU,Light truck,,3,3
2025,6,YUCHAI YCK11 410,LIMOUSINE GR24W-YCK11,Medium bus,24 seats,3,14
2025,6,YUCHAI 6MK 385,UNIVERSE K47S-YE5,Large bus,47 seats,3,18
2025,6,BUS THACO,Minibus,Minibus,,3,25
2025,6,VIDABUS,G12,Large bus,47 seats,2,53
2025,6,Honda Honda,Accord,Sedan,5 seats,2,17
2025,6,Toyota,Corolla Hybrid,Hybrid,6 seats,2,6
2025,6,SAMCO,Road cleaning truck,Road cleaning truck(SPV),3 seats,1,1
2025,6,Ford,Explorer,SUV,7 seats,1,131
2025,6,VIDABUS,BS 106,City bus,60 seats,,1
2025,6,VIDABUS,GVD090,City bus,60 seats,,2
2025,6,YUCHAI 6MK 385,LIMOUSINE B26YE5-EX,Medium bus,26 seats,,6
2025,6,YUCHAI 6MK 385,LIMOUSINE B26YE5,Medium bus,26 seats,,10
2025,6,HYUDANI 425,LIMOUSINE KIA36H425-E5,Large bus,36 seats,,2
2025,6,HYUDANI 425,LIMOUSINE KIA24WH425-E5,Medium bus,24 seats,,2
2025,6,HYUDANI 425,LIMOUSINE KIA26H425-E5,Medium bus,26 seats,,10
2025,6,Honda,Civic TypeR,Others,5 seats,,1
2025,6,THACO MAZDA,Mazda 6,Sedan,5 seats,,56
2025,6,SAMCO,Xe Ben Bùn,Xe Ben Bùn (SPV),3 seats,,6
2025,6,SAMCO,Sewage suction truck,Sewage suction truck (SPV),3 seats,,4
2025,6,SAMCO,Vaccum tank truck,Vaccum tank truck (SPV),3 seats,,2
2025,6,SAMCO,Garbage compactor truck,Garbage compactor truck (SPV),3 seats,,2
2025,6,SAMCO,Truck,Medium truck,3 seats,,1
2025,6,Isuzu,Bus Chassis,Chassis,,,59
2025,6,Mitsubishi,Pajero Sport,SUV,7 seats,,48
2025,5,THACO MAZDA,CX-5,Crossover,5 seats,1000,1446
2025,5,Ford,Ranger CKD,Pick-up,5 seats,857,1009
2025,5,Ford,Territory,MPV,5 seats,700,1481
2025,5,Mitsubishi,Xpander (CBU),MPV,7 seats,667,812
2025,5,Toyota,Yaris Cross,SUV,5 seats,624,1045
2025,5,Honda Honda,CITY,Sedan,5 seats,568,308
2025,5,Mitsubishi,Xforce,SUV,5 seats,552,599
2025,5,Toyota,Vios,Sedan,5 seats,490,1148
2025,5,Isuzu,Truck,Other Truck,3 seats,464,854
2025,5,THACO KIA,Sonet,Crossover,5 seats,421,367
2025,5,THACO KIA,Seltos,Crossover,5 seats,419,346
2025,5,Honda,HR-V,SUV,5 seats,383,297
2025,5,THACO TRUCK,Frontier,Small truck,2 seats,370,1010
2025,5,Honda,BR-V,MPV,7 seats,365,259
2025,5,THACO TRUCK,Thaco truck,Light truck Dump truck (SPV),2 seats,350,875
2025,5,Toyota,Raize,SUV,5 seats,329,213
2025,5,THACO KIA,Carnival,MPV,7 seats,321,425
2025,5,THACO MAZDA,Mazda2,Sedan,5 seats,313,439
2025,5,Ford,Everest,SUV,7 seats,300,788
2025,5,Ford,Transit,Minibus,16 seats,284,521
2025,5,Honda,CR-V,SUV,7 seats,273,332
2025,5,Ford,Ranger CBU,Pick-up,5 seats,258,245
2025,5,Toyota,Innova Cross,MPV,7 seats,258,337
2025,5,Mitsubishi,Triton,Pick-up,5 seats,246,283
2025,5,Toyota,Corolla Cross Hybrid,Hybrid,,230,230
2025,5,THACO KIA,Carens,SUV,7 seats,227,275
2025,5,Toyota,Innova Cross Hybrid,Hybrid,,222,170
2025,5,THACO MAZDA,Mazda3,Sedan,5 seats,219,206
2025,5,Toyota,Veloz Cross,MPV,8 seats,217,615
2025,5,THACO MAZDA,CX-8,SUV,7 seats,205,202
2025,5,THACO KIA,K3,Sedan,5 seats,205,133
2025,5,Toyota,Wigo,Sedan,5 seats,197,162
2025,5,THACO PREMIUM,Peugeot SUV,peugeot,7 seats,193,192
2025,5,BUS THACO,Thaco 28 45 seats,Large bus,28 ~ 45 seats,190,260
2025,5,Honda,CR-V Hybrid,Hybrid,5 seats,180,156
2025,5,Toyota,Hilux,Pick-up,5 seats,166,264
2025,5,THACO MAZDA,CX-3,SUV,5 seats,165,293
2025,5,Toyota,Fortuner,SUV,8 seats,154,191
2025,5,Mitsubishi,Xpander (CKD),MPV,7 seats,141,288
2025,5,THACO KIA,Sportage,SUV,5 seats,137,175
2025,5,Suzuki,XL7 Hybrid,Hybrid,,133,201
2025,5,Suzuki,Super Carry Pro,Small truck,2 seats,131,269
2025,5,Toyota,Corolla Cross,SUV,5 seats,130,655
2025,5,THACO MAZDA,CX-30,SUV,7 seats,102,140
2025,5,THACO TRUCK,Thaco dumptruck (SPV),,2 seats,100,60
2025,5,JMC,IZ,Light truck,,93,191
2025,5,Hino,HINO,Other Truck,3 seats,93,260
2025,5,Toyota,Camry Hybrid,Hybrid,,81,150
2025,5,Toyota,Camry,Sedan,5 seats,65,89
2025,5,Mitsubishi,Attrage,Sedan,5 seats,61,156
2025,5,Isuzu,D-Max,Pick-up,5 seats,57,77
2025,5,Ford,Explorer,SUV,7 seats,53,10
2025,5,THACO KIA,Sorento,SUV,7 seats,44,97
2025,5,Toyota,Avanza Premio CKD,MPV,7 seats,42,108
2025,5,Toyota,Fortuner (CBU),SUV,8 seats,37,59
2025,5,Honda,Civic,Sedan,5 seats,33,35
2025,5,THACO KIA,Morning,Hatchback,5 seats,32,4
2025,5,Mitsubishi,Outlander,SUV,7 seats,32,34
2025,5,THACO MAZDA,Mazda 6,Sedan,5 seats,27,
2025,5,Isuzu,mu-X,SUV,7 seats,26,32
2025,5,Toyota,Innova,MPV,8 seats,26,19
2025,5,Isuzu,Bus Chassis,Chassis,,24,11
2025,5,Toyota,Yaris Cross Hybrid,Hybrid,,21,28
2025,5,Toyota,Land Prado,SUV,8 seats,19,45
2025,5,Honda,Civic Hybrid,Hybrid,5 seats,18,18
2025,5,THACO KIA,Soluto,Sedan,5 seats,18,14
2025,5,Toyota,Landcruiser 200 GX 470,SUV,8 seats,17,102
2025,5,Mitsubishi,Pajero Sport,SUV,7 seats,17,
2025,5,SAMCO,SAMCO 24 CN ~ 46CN,Medium bus,27 seats,16,21
2025,5,Suzuki,Jimny,SUV,4 seats,16,17
2025,5,THACO KIA,K5,Sedan,5 seats,14,17
2025,5,Toyota,Alphard Hybrid,Hybrid,8 seats,11,9
2025,5,VIDABUS,G12,Large bus,47 seats,8,1
2025,5,VIDABUS,G8,Large bus,29-34 seats,8,20
2025,5,THACO KIA,New Sorento HEV/PHEV,Hybrid,7 seats,8,8
2025,5,Toyota,Corolla,Sedan,5 seats,7,21
2025,5,Honda Honda,Accord,Sedan,5 seats,5,
2025,5,Toyota,Alphard,MPV,7 seats,3,5
2025,5,Daewoo Truck,CL4TF/CL4T8/CL4DF,Light truck,,1,6
2025,5,Honda,Civic TypeR,Others,5 seats,1,
2025,5,SAMCO,Garbage compactor truck,Garbage compactor truck (SPV),3 seats,1,
2025,5,VIDABUS,GVD090,City bus,60 seats,,2
2025,5,YUCHAI 6MK 385,UNIVERSE K47S-YE5,Large bus,47 seats,,6
2025,5,YUCHAI 6MK 385,LIMOUSINE B26YE5-EX,Medium bus,26 seats,,2
2025,5,YUCHAI 6MK 385,LIMOUSINE B26YE5,Medium bus,26 seats,,4
2025,5,Honda,HR-V Hybrid,Hybrid 5 seats,,,79
2025,5,BUS THACO,Minibus,Minibus,,,3
2025,5,SAMCO,Sewage suction truck,Sewage suction truck (SPV),3 seats,,1
2025,4,THACO MAZDA,CX-5,Crossover,5 seats,1416,4438
2025,4,Ford,Ranger CKD,Pick-up,5 seats,1125,4164
2025,4,THACO TRUCK,Frontier,Small truck,2 seats,1100,3498
2025,4,Ford,Everest,SUV,7 seats,1090,3224
2025,4,THACO TRUCK,Thaco truck,Light truck Dump truck (SPV),2 seats,990,3160
2025,4,Honda Honda,CITY,Sedan,5 seats,957,2958
2025,4,Ford,Territory,MPV,5 seats,945,3040
2025,4,Toyota,Vios,Sedan,5 seats,773,3058
2025,4,Isuzu,Truck,Other Truck,3 seats,698,2609
2025,4,Mitsubishi,Xpander (CBU),MPV,7 seats,679,4013
2025,4,Mitsubishi,Xforce,SUV,5 seats,612,2545
2025,4,Toyota,Veloz Cross,MPV,8 seats,601,1768
2025,4,Ford,Transit,Minibus,16 seats,583,1967
2025,4,Toyota,Innova Cross,MPV,7 seats,516,1267
2025,4,THACO MAZDA,Mazda2,Sedan,5 seats,475,1496
2025,4,THACO KIA,Seltos,Crossover,5 seats,436,1753
2025,4,THACO KIA,Sonet,Crossover,5 seats,424,1703
2025,4,Toyota,Corolla Cross,SUV,5 seats,407,1273
2025,4,THACO KIA,Carnival,MPV,7 seats,382,1710
2025,4,Toyota,Hilux,Pick-up,5 seats,351,929
2025,4,Toyota,Raize,SUV,5 seats,339,1111
2025,4,THACO KIA,Carens,SUV,7 seats,329,1155
2025,4,Suzuki,Carry Pro CKD,Small truck,2 seats,310,973
2025,4,Honda,HR-V,SUV,5 seats,297,1642
2025,4,Toyota,Wigo,Sedan,5 seats,295,800
2025,4,Mitsubishi,Xpander (CKD),MPV,7 seats,293,1350
2025,4,THACO MAZDA,CX-3,SUV,5 seats,292,906
2025,4,Honda,CR-V,SUV,7 seats,286,1185
2025,4,Hino,HINO,Other Truck,3 seats,260,686
2025,4,Ford,Ranger CBU,Pick-up,5 seats,241,964
2025,4,Honda,BR-V,MPV,7 seats,232,1447
2025,4,BUS THACO,Thaco 28 45 seats,Large bus,28 ~ 45 seats,232,765
2025,4,Toyota,Innova Cross Hybrid,Hybrid,,228,837
2025,4,Mitsubishi,Triton,Pick-up,5 seats,216,1216
2025,4,THACO PREMIUM,Peugeot SUV,peugeot,7 seats,213,904
2025,4,THACO MAZDA,Mazda3,Sedan,5 seats,204,865
2025,4,Suzuki,XL7 Hybrid,Hybrid,,195,769
2025,4,Mitsubishi,Attrage,Sedan,5 seats,190,571
2025,4,THACO KIA,Sportage,SUV,5 seats,184,695
2025,4,THACO MAZDA,CX-8,SUV,7 seats,182,817
2025,4,Toyota,Fortuner,SUV,8 seats,171,599
2025,4,JMC,IZ,Light truck,,168,517
2025,4,Toyota,Corolla Cross Hybrid,Hybrid,,165,699
2025,4,THACO MAZDA,CX-30,SUV,7 seats,163,499
2025,4,Honda,HR-V Hybrid,Hybrid 5 seats,,151,151
2025,4,Toyota,Camry Hybrid,Hybrid,,148,390
2025,4,Honda,CR-V Hybrid,Hybrid,5 seats,147,584
2025,4,THACO KIA,K3,Sedan,5 seats,117,650
2025,4,Toyota,Camry,Sedan,5 seats,116,311
2025,4,Toyota,Avanza Premio CKD,MPV,7 seats,108,351
2025,4,Toyota,Fortuner (CBU),SUV,8 seats,96,262
2025,4,THACO TRUCK,Thaco dumptruck (SPV),,2 seats,60,400
2025,4,THACO KIA,Soluto,Sedan,5 seats,57,120
2025,4,Toyota,Yaris Cross Hybrid,Hybrid,,50,127
2025,4,Mitsubishi,Outlander,SUV,7 seats,48,215
2025,4,THACO KIA,Sorento,SUV,7 seats,45,205
2025,4,THACO KIA,Morning,Hatchback,5 seats,45,164
2025,4,Honda,Civic,Sedan,5 seats,42,166
2025,4,THACO KIA4. VA,KM5Asendtomedia_April25,Sedan,Pa5g seeats 1,32,
2025,4,Isuzu,D-Max,Pick-up,5 seats,32,147
2025,4,Toyota,Innova,MPV,8 seats,29,129
2025,4,Honda,Civic Hybrid,Hybrid,5 seats,27,77
2025,4,Toyota,Corolla,Sedan,5 seats,27,90
2025,4,Suzuki,Jimny,SUV,4 seats,25,94
2025,4,VIDABUS,G8,Large bus,29-34 seats,18,44
2025,4,Toyota,Landcruiser 200 GX 470,SUV,8 seats,18,43
2025,4,BUS THACO,Minibus,Minibus,,13,19
2025,4,Ford,Explorer,SUV,7 seats,13,120
2025,4,Isuzu,mu-X,SUV,7 seats,13,77
2025,4,Toyota,Alphard,MPV,7 seats,13,45
2025,4,YUCHAI YCK11 410,LIMOUSINE GR24W-YCK11,Medium bus,24 seats,11,11
2025,4,HYUDANI 425,LIMOUSINE KIA26H425-E5,Medium bus,26 seats,10,10
2025,4,Toyota,Alphard Hybrid,Hybrid,8 seats,8,29
2025,4,YUCHAI YCK11 410,LIMOUSINE GR26-YCK11,Medium bus,26 seats,7,7
2025,4,SAMCO,Xe Ben Bùn,Xe Ben Bùn (SPV),3 seats,6,6
2025,4,SAMCO,SAMCO 24 CN ~ 46CN,Medium bus,27 seats,6,36
2025,4,VIDABUS,G12,Large bus,47 seats,4,50
2025,4,THACO MAZDA,Mazda 6,Sedan,5 seats,4,56
2025,4,THACO KIA,New Sorento HEV/PHEV,Hybrid,7 seats,4,19
2025,4,Honda Honda,Accord,Sedan,5 seats,3,15
2025,4,HYUDANI 425,LIMOUSINE KIA36H425-E5,Large bus,36 seats,2,2
2025,4,HYUDANI 425,LIMOUSINE KIA24WH425-E5,Medium bus,24 seats,2,2
2025,4,Toyota,Corolla Hybrid,Hybrid,6 seats,1,4
2025,4,VIDABUS,BS 106,City bus,60 seats,,1
2025,4,Daewoo Truck,CL4TF/CL4T8/CL4DF,Light truck,,,5
2025,4,YUCHAI 6MK 385,UNIVERSE K47S-YE5,Large bus,47 seats,,9
2025,4,YUCHAI 6MK 385,LIMOUSINE B26YE5-EX,Medium bus,26 seats,,4
2025,4,YUCHAI 6MK 385,LIMOUSINE B26YE5,Medium bus,26 seats,,6
2025,4,Honda,Civic TypeR,Others,5 seats,,1
2025,4,SAMCO,Sewage suction truck,Sewage suction truck (SPV),3 seats,,3
2025,4,SAMCO,Vaccum tank truck,Vaccum tank truck (SPV),3 seats,,2
2025,4,SAMCO,Garbage compactor truck,Garbage compactor truck (SPV),3 seats,,2
2025,4,SAMCO,Truck,Medium truck,3 seats,,1
2025,4,Isuzu,Bus Chassis,Chassis,,,48
2025,4,Mitsubishi,Pajero Sport,SUV,7 seats,,48
2025,3,Mitsubishi,Xpander (CBU),MPV,7 seats,1840,3334
2025,3,Ford,Ranger CKD,Pick-up,5 seats,1262,3039
2025,3,THACO TRUCK,Frontier,Small truck,2 seats,1188,2398
2025,3,THACO MAZDA,CX-5,Crossover,5 seats,1099,3022
2025,3,Ford,Everest,SUV,7 seats,1074,2134
2025,3,Toyota,Vios,Sedan,5 seats,1041,2285
2025,3,THACO TRUCK,Thaco truck,Light truck Dump truck (SPV),2 seats,1000,2170
2025,3,Mitsubishi,Xforce,SUV,5 seats,948,1933
2025,3,Ford,Territory,MPV,5 seats,931,2095
2025,3,Isuzu,Truck,Other Truck,3 seats,845,1911
2025,3,Ford,Transit,Minibus,16 seats,703,1384
2025,3,Honda Honda,CITY,Sedan,5 seats,690,2001
2025,3,Mitsubishi,Xpander (CKD),MPV,7 seats,690,1057
2025,3,Honda,BR-V,MPV,7 seats,629,1215
2025,3,Toyota,Veloz Cross,MPV,8 seats,586,1167
2025,3,Honda,HR-V,SUV,5 seats,572,1345
2025,3,THACO KIA,Carnival,MPV,7 seats,556,1328
2025,3,Mitsubishi,Triton,Pick-up,5 seats,538,1000
2025,3,THACO KIA,Seltos,Crossover,5 seats,472,1317
2025,3,THACO KIA,Sonet,Crossover,5 seats,463,1279
2025,3,Toyota,Corolla Cross,SUV,5 seats,457,866
2025,3,THACO MAZDA,Mazda2,Sedan,5 seats,389,1021
2025,3,Honda,CR-V,SUV,7 seats,348,899
2025,3,THACO KIA,Carens,SUV,7 seats,320,826
2025,3,Toyota,Raize,SUV,5 seats,308,772
2025,3,Suzuki,Carry Pro CKD,Small truck,2 seats,303,663
2025,3,Toyota,Innova Cross,MPV,7 seats,299,751
2025,3,Suzuki,XL7 Hybrid,Hybrid,,275,574
2025,3,Ford,Ranger CBU,Pick-up,5 seats,274,723
2025,3,Mitsubishi,Attrage,Sedan,5 seats,273,381
2025,3,THACO MAZDA,CX-3,SUV,5 seats,267,614
2025,3,THACO PREMIUM,Peugeot SUV,peugeot,7 seats,259,691
2025,3,THACO MAZDA,CX-8,SUV,7 seats,239,635
2025,3,Toyota,Hilux,Pick-up,5 seats,233,578
2025,3,BUS THACO,Thaco 28 45 seats,Large bus,28 ~ 45 seats,220,533
2025,3,Hino,HINO,Other Truck,3 seats,218,426
2025,3,THACO MAZDA,Mazda3,Sedan,5 seats,204,661
2025,3,THACO KIA,Sportage,SUV,5 seats,198,511
2025,3,Toyota,Innova Cross Hybrid,Hybrid,,195,609
2025,3,THACO KIA,K3,Sedan,5 seats,177,533
2025,3,Toyota,Wigo,Sedan,5 seats,171,505
2025,3,Toyota,Fortuner,SUV,8 seats,168,428
2025,3,Toyota,Corolla Cross Hybrid,Hybrid,,161,534
2025,3,Toyota,Avanza Premio CKD,MPV,7 seats,131,243
2025,3,THACO MAZDA,CX-30,SUV,7 seats,128,336
2025,3,JMC,IZ,Light truck,,126,349
2025,3,Honda,CR-V Hybrid,Hybrid,5 seats,125,437
2025,3,Mitsubishi,Outlander,SUV,7 seats,101,167
2025,3,THACO TRUCK,Thaco dumptruck (SPV),,2 seats,90,340
2025,3,Toyota,Camry Hybrid,Hybrid,,81,242
2025,3,Toyota,Camry,Sedan,5 seats,80,195
2025,3,Toyota,Fortuner (CBU),SUV,8 seats,74,166
2025,3,Honda,Civic,Sedan,5 seats,67,124
2025,3,THACO KIA,Sorento,SUV,7 seats,58,160
2025,3,Toyota,Innova,MPV,8 seats,46,100
2025,3,Toyota,Yaris Cross Hybrid,Hybrid,,45,77
2025,3,Toyota,Corolla,Sedan,5 seats,42,63
2025,3,Isuzu,D-Max,Pick-up,5 seats,34,115
2025,3,Suzuki,Jimny,SUV,4 seats,34,69
2025,3,THACO KIA,Morning,Hatchback,5 seats,31,119
2025,3,VIDABUS,G12,Large bus,47 seats,30,46
2025,3,Ford,Explorer,SUV,7 seats,28,107
2025,3,THACO KIA,K5,Sedan,5 seats,27,49
2025,3,Isuzu,mu-X,SUV,7 seats,26,64
2025,3,Mitsubishi,Pajero Sport,SUV,7 seats,22,48
2025,3,3. VA THACO KIA,MAsendtomedia_March2 Soluto,5 Sedan,Page 1 5 seats,20,
2025,3,Toyota,Alphard,MPV,7 seats,20,32
2025,3,Honda,Civic Hybrid,Hybrid,5 seats,14,50
2025,3,SAMCO,SAMCO 24 CN ~ 46CN,Medium bus,27 seats,14,30
2025,3,Isuzu,Bus Chassis,Chassis,,12,48
2025,3,THACO MAZDA,Mazda 6,Sedan,5 seats,9,52
2025,3,YUCHAI 6MK 385,UNIVERSE K47S-YE5,Large bus,47 seats,6,9
2025,3,Toyota,Landcruiser 200 GX 470,SUV,8 seats,6,25
2025,3,Honda Honda,Accord,Sedan,5 seats,5,12
2025,3,VIDABUS,G8,Large bus,29-34 seats,4,26
2025,3,YUCHAI 6MK 385,LIMOUSINE B26YE5,Medium bus,26 seats,4,6
2025,3,Toyota,Alphard Hybrid,Hybrid,8 seats,4,21
2025,3,SAMCO,Sewage suction truck,Sewage suction truck (SPV),3 seats,3,3
2025,3,YUCHAI 6MK 385,LIMOUSINE B26YE5-EX,Medium bus,26 seats,2,4
2025,3,BUS THACO,Minibus,Minibus,,2,6
2025,3,Toyota,Corolla Hybrid,Hybrid,6 seats,2,3
2025,3,VIDABUS,BS 106,City bus,60 seats,1,1
2025,3,SAMCO,Garbage compactor truck,Garbage compactor truck (SPV),3 seats,1,2
2025,3,SAMCO,Truck,Medium truck,3 seats,1,1
2025,3,Daewoo Truck,CL4TF/CL4T8/CL4DF,Light truck,,,5
2025,3,VINAMOTOR,Vinamotor D8,Medium truck,Under 10T,,22
2025,3,Honda,Civic TypeR,Others,5 seats,,1
2025,3,THACO KIA,New Sorento HEV/PHEV,Hybrid,7 seats,,15
2025,3,SAMCO,Vaccum tank truck,Vaccum tank truck (SPV),3 seats,,2
2025,2,THACO MAZDA,CX-5,Crossover,5 seats,923,1923
2025,2,Ford,Ranger CKD,Pick-up,5 seats,920,1777
2025,2,THACO TRUCK,Frontier,Small truck,2 seats,840,1210
2025,2,Mitsubishi,Xpander (CBU),MPV,7 seats,827,1494
2025,2,THACO TRUCK,Thaco truck,Light truck Dump truck (SPV),2 seats,820,1170
2025,2,Ford,Everest,SUV,7 seats,760,1060
2025,2,Toyota,Vios,Sedan,5 seats,754,1244
2025,2,Honda Honda,CITY,Sedan,5 seats,743,1311
2025,2,Isuzu,Truck,Other Truck,3 seats,602,1066
2025,2,Ford,Territory,MPV,5 seats,464,1164
2025,2,THACO KIA,Carnival,MPV,7 seats,451,772
2025,2,Mitsubishi,Xforce,SUV,5 seats,433,985
2025,2,THACO KIA,Seltos,Crossover,5 seats,426,845
2025,2,Ford,Transit,Minibus,16 seats,397,681
2025,2,THACO KIA,Sonet,Crossover,5 seats,395,816
2025,2,Honda,HR-V,SUV,5 seats,390,773
2025,2,Toyota,Veloz Cross,MPV,8 seats,364,581
2025,2,THACO MAZDA,Mazda2,Sedan,5 seats,319,632
2025,2,THACO KIA,Carens,SUV,7 seats,279,506
2025,2,Toyota,Corolla Cross,SUV,5 seats,279,409
2025,2,Honda,CR-V,SUV,7 seats,278,551
2025,2,Toyota,Yaris Cross,SUV,5 seats,276,900
2025,2,THACO PREMIUM,Peugeot SUV,peugeot,7 seats,239,432
2025,2,THACO MAZDA,Mazda3,Sedan,5 seats,238,457
2025,2,Suzuki,Carry Pro CKD,Small truck,2 seats,229,360
2025,2,Mitsubishi,Xpander (CKD),MPV,7 seats,226,367
2025,2,Honda,BR-V,MPV,7 seats,221,586
2025,2,Mitsubishi,Triton,Pick-up,5 seats,216,462
2025,2,Toyota,Innova Cross,MPV,7 seats,194,452
2025,2,Toyota,Innova Cross Hybrid,Hybrid,,192,414
2025,2,THACO MAZDA,CX-8,SUV,7 seats,191,396
2025,2,Ford,Ranger CBU,Pick-up,5 seats,191,449
2025,2,THACO MAZDA,CX-3,SUV,5 seats,182,347
2025,2,Toyota,Hilux,Pick-up,5 seats,179,345
2025,2,THACO KIA,Sportage,SUV,5 seats,176,313
2025,2,Suzuki,XL7 Hybrid,Hybrid,,166,299
2025,2,THACO KIA,K3,Sedan,5 seats,151,356
2025,2,THACO TRUCK,Thaco dumptruck (SPV),,2 seats,150,250
2025,2,Toyota,Corolla Cross Hybrid,Hybrid,,143,373
2025,2,Toyota,Wigo,Sedan,5 seats,137,334
2025,2,Toyota,Raize,SUV,5 seats,135,464
2025,2,Honda,CR-V Hybrid,Hybrid,5 seats,132,312
2025,2,JMC,IZ,Light truck,,130,223
2025,2,BUS THACO,Thaco 28 45 seats,Large bus,28 ~ 45 seats,123,313
2025,2,Hino,HINO,Other Truck,3 seats,115,208
2025,2,THACO MAZDA,CX-30,SUV,7 seats,106,208
2025,2,Toyota,Fortuner,SUV,8 seats,106,260
2025,2,Toyota,Camry Hybrid,Hybrid,,80,161
2025,2,Toyota,Avanza Premio CKD,MPV,7 seats,70,112
2025,2,THACO KIA,Sorento,SUV,7 seats,58,102
2025,2,THACO KIA,Morning,Hatchback,5 seats,56,88
2025,2,Toyota,Fortuner (CBU),SUV,8 seats,55,92
2025,2,Toyota,Camry,Sedan,5 seats,50,115
2025,2,Mitsubishi,Attrage,Sedan,5 seats,47,108
2025,2,Mitsubishi,Outlander,SUV,7 seats,34,66
2025,2,Toyota,Land Prado,SUV,8 seats,29,48
2025,2,Toyota,Innova,MPV,8 seats,28,54
2025,2,Ford,Explorer,SUV,7 seats,26,79
2025,2,VAM THACO KIA,Asendtomedia_February2 Soluto,5 Sedan,Page 1 5 seats,25,
2025,2,Honda,Civic,Sedan,5 seats,24,57
2025,2,Isuzu,D-Max,Pick-up,5 seats,24,81
2025,2,Suzuki,Jimny,SUV,4 seats,19,35
2025,2,Honda,Civic Hybrid,Hybrid,5 seats,18,36
2025,2,THACO MAZDA,Mazda 6,Sedan,5 seats,16,43
2025,2,VIDABUS,G8,Large bus,29-34 seats,14,22
2025,2,Toyota,Corolla,Sedan,5 seats,14,21
2025,2,Isuzu,Bus Chassis,Chassis,,12,36
2025,2,Isuzu,mu-X,SUV,7 seats,12,38
2025,2,Toyota,Yaris Cross Hybrid,Hybrid,,11,32
2025,2,Toyota,Alphard,MPV,7 seats,9,12
2025,2,Mitsubishi,Pajero Sport,SUV,7 seats,9,26
2025,2,VIDABUS,G12,Large bus,47 seats,8,16
2025,2,THACO KIA,K5,Sedan,5 seats,8,22
2025,2,THACO KIA,New Sorento HEV/PHEV,Hybrid,7 seats,7,15
2025,2,Toyota,Alphard Hybrid,Hybrid,8 seats,6,17
2025,2,Daewoo Truck,CL4TF/CL4T8/CL4DF,Light truck,,4,5
2025,2,BUS THACO,Minibus,Minibus,,4,4
2025,2,YUCHAI 6MK 385,UNIVERSE K47S-YE5,Large bus,47 seats,3,3
2025,2,YUCHAI 6MK 385,LIMOUSINE B26YE5-EX,Medium bus,26 seats,2,2
2025,2,YUCHAI 6MK 385,LIMOUSINE B26YE5,Medium bus,26 seats,2,2
2025,2,Honda Honda,Accord,Sedan,5 seats,2,7
2025,2,SAMCO,Vaccum tank truck,Vaccum tank truck (SPV),3 seats,2,2
2025,2,Toyota,Landcruiser 200 GX 470,SUV,8 seats,2,19
2025,2,Toyota,Corolla Hybrid,Hybrid,6 seats,1,1
2025,2,VINAMOTOR,Vinamotor D8,Medium truck,Under 10T,,22
2025,2,Honda,Civic TypeR,Others,5 seats,,1
2025,2,SAMCO,Garbage compactor truck,Garbage compactor truck (SPV),3 seats,,1
2025,2,SAMCO,SAMCO 24 CN ~ 46CN,Medium bus,27 seats,,16
2025,1,THACO MAZDA,CX-5,Crossover,5 seats,1000,1000
2025,1,Ford,Ranger CKD,Pick-up,5 seats,857,857
2025,1,Ford,Territory,MPV,5 seats,700,700
2025,1,Mitsubishi,Xpander (CBU),MPV,7 seats,667,667
2025,1,Toyota,Yaris Cross,SUV,5 seats,624,624
2025,1,Honda Honda,CITY,Sedan,5 seats,568,568
2025,1,Mitsubishi,Xforce,SUV,5 seats,552,552
2025,1,Toyota,Vios,Sedan,5 seats,490,490
2025,1,Isuzu,Truck,Other Truck,3 seats,464,464
2025,1,THACO KIA,Sonet,Crossover,5 seats,421,421
2025,1,THACO KIA,Seltos,Crossover,5 seats,419,419
2025,1,Honda,HR-V,SUV,5 seats,383,383
2025,1,THACO TRUCK,Frontier,Small truck,2 seats,370,370
2025,1,Honda,BR-V,MPV,7 seats,365,365
2025,1,THACO TRUCK,Thaco truck,Light truck Dump truck (SPV),2 seats,350,350
2025,1,Toyota,Raize,SUV,5 seats,329,329
2025,1,THACO KIA,Carnival,MPV,7 seats,321,321
2025,1,THACO MAZDA,Mazda2,Sedan,5 seats,313,313
2025,1,Ford,Everest,SUV,7 seats,300,300
2025,1,Ford,Transit,Minibus,16 seats,284,284
2025,1,Honda,CR-V,SUV,7 seats,273,273
2025,1,Ford,Ranger CBU,Pick-up,5 seats,258,258
2025,1,Toyota,Innova Cross,MPV,7 seats,258,258
2025,1,Mitsubishi,Triton,Pick-up,5 seats,246,246
2025,1,Toyota,Corolla Cross Hybrid,Hybrid,,230,230
2025,1,THACO KIA,Carens,SUV,7 seats,227,227
2025,1,Toyota,Innova Cross Hybrid,Hybrid,,222,222
2025,1,THACO MAZDA,Mazda3,Sedan,5 seats,219,219
2025,1,Toyota,Veloz Cross,MPV,8 seats,217,217
2025,1,THACO MAZDA,CX-8,SUV,7 seats,205,205
2025,1,THACO KIA,K3,Sedan,5 seats,205,205
2025,1,Toyota,Wigo,Sedan,5 seats,197,197
2025,1,THACO PREMIUM,Peugeot SUV,peugeot,7 seats,193,193
2025,1,BUS THACO,Thaco 28 45 seats,Large bus,28 ~ 45 seats,190,190
2025,1,Honda,CR-V Hybrid,Hybrid,5 seats,180,180
2025,1,Toyota,Hilux,Pick-up,5 seats,166,166
2025,1,THACO MAZDA,CX-3,SUV,5 seats,165,165
2025,1,Toyota,Fortuner,SUV,8 seats,154,154
2025,1,Mitsubishi,Xpander (CKD),MPV,7 seats,141,141
2025,1,THACO KIA,Sportage,SUV,5 seats,137,137
2025,1,Suzuki,XL7 Hybrid,Hybrid,,133,133
2025,1,Suzuki,Carry Pro CKD,Small truck,2 seats,131,131
2025,1,Toyota,Corolla Cross,SUV,5 seats,130,130
2025,1,THACO MAZDA,CX-30,SUV,7 seats,102,102
2025,1,THACO TRUCK,Thaco dumptruck (SPV),,2 seats,100,100
2025,1,JMC,IZ,Light truck,,93,93
2025,1,Hino,HINO,Other Truck,3 seats,93,93
2025,1,Toyota,Camry Hybrid,Hybrid,,81,81
2025,1,Toyota,Camry,Sedan,5 seats,65,65
2025,1,Mitsubishi,Attrage,Sedan,5 seats,61,61
2025,1,Isuzu,D-Max,Pick-up,5 seats,57,57
2025,1,Ford,Explorer,SUV,7 seats,53,53
2025,1,THACO KIA,Sorento,SUV,7 seats,44,44
2025,1,Toyota,Avanza Premio CKD,MPV,7 seats,42,42
2025,1,Toyota,Fortuner (CBU),SUV,8 seats,37,37
2025,1,Honda,Civic,Sedan,5 seats,33,33
2025,1,THACO KIA1. VA,MMorAninsgendtomedia_January2,5Hatchback P,,32,
2025,1,Mitsubishi,Outlander,SUV,7 seats,32,32
2025,1,THACO MAZDA,Mazda 6,Sedan,5 seats,27,27
2025,1,Isuzu,mu-X,SUV,7 seats,26,26
2025,1,Toyota,Innova,MPV,8 seats,26,26
2025,1,Isuzu,Bus Chassis,Chassis,,24,24
2025,1,VINAMOTOR,Vinamotor D8,Medium truck,Under 10T,22,22
2025,1,Toyota,Yaris Cross Hybrid,Hybrid,,21,21
2025,1,Toyota,Land Prado,SUV,8 seats,19,19
2025,1,Honda,Civic Hybrid,Hybrid,5 seats,18,18
2025,1,THACO KIA,Soluto,Sedan,5 seats,18,18
2025,1,Toyota,Landcruiser 200 GX 470,SUV,8 seats,17,17
2025,1,Mitsubishi,Pajero Sport,SUV,7 seats,17,17
2025,1,SAMCO,SAMCO 24 CN ~ 46CN,Medium bus,27 seats,16,16
2025,1,Suzuki,Jimny,SUV,4 seats,16,16
2025,1,THACO KIA,K5,Sedan,5 seats,14,14
2025,1,Toyota,Alphard Hybrid,Hybrid,8 seats,11,11
2025,1,VIDABUS,G12,Large bus,47 seats,8,8
2025,1,VIDABUS,G8,Large bus,29-34 seats,8,8
2025,1,THACO KIA,New Sorento HEV/PHEV,Hybrid,7 seats,8,8
2025,1,Toyota,Corolla,Sedan,5 seats,7,7
2025,1,Honda Honda,Accord,Sedan,5 seats,5,5
2025,1,Toyota,Alphard,MPV,7 seats,3,3
2025,1,Daewoo Truck,CL4TF/CL4T8/CL4DF,Light truck,,1,1
2025,1,Honda,Civic TypeR,Others,5 seats,1,1
2025,1,SAMCO,Garbage compactor truck,Garbage compactor truck (SPV),3 seats,1,1
2024,12,Mitsubishi,Xpander (CBU),MPV,7 seats,1677,17537
2024,12,Toyota,Vios,Sedan,5 seats,1504,14210
2024,12,Toyota,Yaris Cross,SUV,5 seats,1497,10295
2024,12,Ford,Ranger CKD,Pick-up,5 seats,1207,14285
2024,12,Mitsubishi,Xforce,SUV,5 seats,1140,14407
2024,12,THACO MAZDA,CX-5,Crossover,5 seats,1125,14781
2024,12,Honda,HR-V,SUV,5 seats,964,6230
2024,12,Ford,Everest,SUV,7 seats,949,10841
2024,12,Toyota,Veloz Cross,MPV,8 seats,916,8341
2024,12,Toyota,Corolla Cross,SUV,5 seats,807,6042
2024,12,Toyota,Raize,SUV,5 seats,757,4984
2024,12,Isuzu,Truck,Other Truck,3 seats,750,9716
2024,12,Toyota,Innova Cross,MPV,7 seats,737,3573
2024,12,Ford,Territory,MPV,5 seats,612,8125
2024,12,THACO TRUCK,Thaco truck,Light truck Dump truck (SPV),2 seats,586,7902
2024,12,THACO KIA,Seltos,Crossover,5 seats,549,6829
2024,12,THACO MAZDA,Mazda2,Sedan,5 seats,542,5092
2024,12,THACO TRUCK,Frontier,Small truck,2 seats,536,7086
2024,12,THACO MAZDA,CX-3,SUV,5 seats,470,2745
2024,12,Toyota,Innova Cross Hybrid,Hybrid,,466,2461
2024,12,THACO PREMIUM,Peugeot SUV,peugeot,7 seats,463,3490
2024,12,THACO KIA,Sonet,Crossover,5 seats,449,7313
2024,12,Honda,CITY,Sedan,5 seats,432,10500
2024,12,Honda,BR-V,MPV,7 seats,402,3618
2024,12,Ford,Ranger CBU,Pick-up,5 seats,397,3223
2024,12,Toyota,Hilux,Pick-up,5 seats,375,2404
2024,12,Mitsubishi,Triton,Pick-up,5 seats,340,2687
2024,12,THACO KIA,Carnival,MPV,7 seats,337,6560
2024,12,Suzuki,XL7 Hybrid,Hybrid,,333,1315
2024,12,Mitsubishi,Xpander (CKD),MPV,7 seats,312,1961
2024,12,Suzuki,Carry Pro CKD,Small truck,2 seats,274,3162
2024,12,THACO KIA,Carens,SUV,7 seats,264,4555
2024,12,Honda,CR-V Hybrid,Hybrid,5 seats,253,1808
2024,12,Toyota,Wigo,Sedan,5 seats,252,2659
2024,12,Ford,Transit,Minibus,16 seats,244,5012
2024,12,HYUNDAI HYUNDAI HYUNDAI,Mighty CKD,,3 seats,233,2189
2024,12,THACO MAZDA,CX-30,SUV,7 seats,232,1715
2024,12,Honda,CR-V (CKD),SUV,7 seats,231,4880
2024,12,Toyota,Avanza Premio CKD,MPV,7 seats,226,2141
2024,12,THACO MAZDA,Mazda3,Sedan,5 seats,217,4958
2024,12,Toyota,Corolla Cross Hybrid,Hybrid,,208,1602
2024,12,THACO MAZDA,CX-8,SUV,7 seats,206,2693
2024,12,BUS THACO,Thaco 28 45 seats,Large bus,28 ~ 45 seats,182,2116
2024,12,THACO KIA,Sportage,SUV,5 seats,176,3051
2024,12,Toyota,Fortuner (CBU),SUV,8 seats,176,1054
2024,12,Toyota,Camry,Sedan,5 seats,176,1037
2024,12,Mitsubishi,Attrage,Sedan,5 seats,172,2499
2024,12,Toyota,Landcruiser 200 GX 470,SUV,8 seats,137,668
2024,12,Hino,HINO,Other Truck,3 seats,126,1464
2024,12,Toyota,Fortuner,SUV,8 seats,119,2457
2024,12,THACO KIA,K3,Sedan,5 seats,110,3603
2024,12,Toyota,Camry Hybrid,Hybrid,,96,296
2024,12,THACO TRUCK,Thaco dumptruck (SPV),,2 seats,90,1008
2024,12,Mitsubishi,Pajero Sport,SUV,7 seats,85,741
2024,12,Ford,Explorer,SUV,7 seats,83,689
2024,12,Mitsubishi,Outlander,SUV,7 seats,82,1366
2024,12,Toyota,Yaris Cross Hybrid,Hybrid,,81,879
2024,12,Isuzu,D-Max,Pick-up,5 seats,69,559
2024,12,THACO KIA,Sorento,SUV,7 seats,63,972
2024,12,THACO MAZDA,Mazda 6,Sedan,5 seats,54,612
2024,12,Honda,Civic,Sedan,5 seats,53,1032
2024,12,Suzuki,Jimny,SUV,4 seats,44,437
2024,12,THACO KIA,Soluto,Sedan,5 seats,39,519
2024,12,12. V THACO KIA,AMAsendtomedia_Decem Morning,ber24 - final Hatchback,,39,
2024,12,Toyota,Corolla,Sedan,5 seats,36,392
2024,12,Isuzu,mu-X,SUV,7 seats,32,247
2024,12,Honda,Civic Hybrid,Hybrid,5 seats,27,97
2024,12,VINAMOTOR,Vinamotor D8,,Under 10T,25,275
2024,12,Toyota,Innova,MPV,8 seats,25,725
2024,12,Toyota,Land Prado,SUV,8 seats,22,94
2024,12,THACO KIA,K5,Sedan,5 seats,21,301
2024,12,Toyota,Alphard,MPV,7 seats,19,141
2024,12,Honda Honda,Accord,Sedan,5 seats,12,91
2024,12,Toyota,Alphard Hybrid,Hybrid,8 seats,10,18
2024,12,Suzuki,Carry Blind Van,Van,2 seats,10,1658
2024,12,SAMCO,SAMCO 24 CN ~ 46CN,Medium bus,27 seats,9,158
2024,12,BUS THACO,Minibus,Minibus,,6,139
2024,12,VIDABUS,G12,Large bus,47 seats,5,84
2024,12,THACO KIA,New Sorento HEV/PHEV,Hybrid,7 seats,5,96
2024,12,SAMCO,SAMCO B40 ~ B80,Large bus,40 seats,2,94
2024,12,VIDABUS,G8,Large bus,29-34 seats,1,33
2024,12,VINAMOTOR,Hyundai,Large bus Medium truck Light truck Small truck,29-80 Seats,,96
2024,12,Honda,Civic TypeR,Others,5 seats,,11
2024,12,THACO MAZDA,BT-50,Pick-up,5 seats,,5
2024,12,SAMCO,Car carring truck,Car Carrying Truck (SPV),3 seats,,1
2024,12,SAMCO,Sewage suction truck,Sewage suction truck (SPV),3 seats,,4
2024,12,SAMCO,Hooklift,Hooklift (SPV),3 seats,,2
2024,12,SAMCO,Fire truck,Fire fighting truck (SPV),7 seats,,1
2024,12,SAMCO,Garbage compactor truck,Garbage compactor truck (SPV),3 seats,,17
2024,12,SAMCO,Road cleaning truck,Road cleaning truck(SPV),3 seats,,2
2024,12,SAMCO,Crane truck,Crane truck (SPV),3 seats,,1
2024,12,SAMCO,Truck,Medium truck,3 seats,,1
2024,12,SAMCO,SAMCO PRIMAS (Sleeper coaches),Large bus,45 seats,,16
2024,12,Isuzu,Bus Chassis,Chassis,,,108
2024,12,Toyota,Avanza Premio CBU,MPV,7 seats,,1
2024,12,Toyota,Yaris,Sedan,5 seats,,8
2024,12,Toyota,Corolla Hybrid,Hybrid,6 seats,,94
2024,12,Suzuki,XL7,SUV,7 seats,,1839
2024,12,Suzuki,Ciaz,Sedan,5 seats,,8
2024,12,Suzuki,Swift,Hatchback,5 seats,,225
2024,12,Suzuki,Ertiga Hybrid,Hybrid,7 seats,,1200
2024,12,Suzuki,Super Carry Pro,Small truck,2 seats,,20
2024,12,Suzuki,Carry Truck,Small truck,2 seats,,398
2024,11,THACO MAZDA,CX-5,Crossover,5 seats,2408,13656
2024,11,Honda,CITY,Sedan,5 seats,2327,10068
2024,11,Mitsubishi,Xpander (CBU),MPV,7 seats,2191,15860
2024,11,Toyota,Vios,Sedan,5 seats,2137,12706
2024,11,Ford,Ranger CKD,Pick-up,5 seats,1857,13078
2024,11,Mitsubishi,Xforce,SUV,5 seats,1823,13267
2024,11,Ford,Everest,SUV,7 seats,1458,9892
2024,11,Ford,Territory,MPV,5 seats,1256,7513
2024,11,Isuzu,Truck,Other Truck,3 seats,1235,8966
2024,11,THACO KIA,Seltos,Crossover,5 seats,1212,6280
2024,11,Toyota,Veloz Cross,MPV,8 seats,1146,7425
2024,11,Toyota,Yaris Cross,SUV,5 seats,1094,8798
2024,11,THACO KIA,Sonet,Crossover,5 seats,1063,6864
2024,11,Honda,CR-V (CKD),SUV,7 seats,1021,4649
2024,11,THACO TRUCK,Thaco truck,Light truck Dump truck (SPV),2 seats,1000,7316
2024,11,THACO KIA,Carnival,MPV,7 seats,903,6223
2024,11,Toyota,Corolla Cross,SUV,5 seats,898,5235
2024,11,THACO TRUCK,Frontier,Small truck,2 seats,800,6550
2024,11,THACO KIA,Carens,SUV,7 seats,692,4291
2024,11,THACO MAZDA,Mazda3,Sedan,5 seats,667,4741
2024,11,Honda,HR-V,SUV,5 seats,578,5266
2024,11,Ford,Transit,Minibus,16 seats,562,4768
2024,11,Toyota,Raize,SUV,5 seats,561,4227
2024,11,THACO KIA,K3,Sedan,5 seats,520,3493
2024,11,THACO KIA,Sportage,SUV,5 seats,502,2875
2024,11,THACO PREMIUM,Peugeot SUV,peugeot,7 seats,494,3027
2024,11,Toyota,Innova Cross,MPV,7 seats,490,2836
2024,11,THACO MAZDA,Mazda2,Sedan,5 seats,484,4550
2024,11,Toyota,Fortuner,SUV,8 seats,461,2338
2024,11,Suzuki,XL7 Hybrid,Hybrid,,418,982
2024,11,Ford,Ranger CBU,Pick-up,5 seats,400,2826
2024,11,Honda,BR-V,MPV,7 seats,386,3216
2024,11,THACO MAZDA,CX-8,SUV,7 seats,382,2487
2024,11,Suzuki,Carry Pro CKD,Small truck,2 seats,341,2888
2024,11,Toyota,Hilux,Pick-up,5 seats,339,2029
2024,11,THACO MAZDA,CX-3,SUV,5 seats,331,2275
2024,11,Mitsubishi,Triton,Pick-up,5 seats,327,2347
2024,11,Toyota,Wigo,Sedan,5 seats,307,2407
2024,11,Toyota,Avanza Premio CKD,MPV,7 seats,257,1915
2024,11,Toyota,Innova Cross Hybrid,Hybrid,,254,1995
2024,11,Toyota,Corolla Cross Hybrid,Hybrid,,252,1394
2024,11,Mitsubishi,Attrage,Sedan,5 seats,246,2327
2024,11,HYUNDAI HYUNDAI HYUNDAI,Mighty CKD,,3 seats,232,1956
2024,11,Mitsubishi,Xpander (CKD),MPV,7 seats,231,1649
2024,11,THACO MAZDA,CX-30,SUV,7 seats,201,1483
2024,11,Honda,CR-V Hybrid,Hybrid,5 seats,196,1555
2024,11,BUS THACO,Thaco 28 45 seats,Large bus,28 ~ 45 seats,178,1934
2024,11,Mitsubishi,Outlander,SUV,7 seats,155,1284
2024,11,THACO KIA,Sorento,SUV,7 seats,152,909
2024,11,THACO TRUCK,Thaco dumptruck (SPV),,2 seats,140,918
2024,11,Toyota,Innova,MPV,8 seats,133,700
2024,11,Hino,HINO,Other Truck,3 seats,123,1338
2024,11,Honda,Civic,Sedan,5 seats,115,1049
2024,11,THACO KIA,Soluto,Sedan,5 seats,106,480
2024,11,11. V THACO KIA,AMAsendtomedia_Novem Morning,ber24 Hatchback,,95,
2024,11,Toyota,Yaris Cross Hybrid,Hybrid,,94,798
2024,11,Toyota,Fortuner (CBU),SUV,8 seats,89,878
2024,11,Isuzu,D-Max,Pick-up,5 seats,87,490
2024,11,Mitsubishi,Pajero Sport,SUV,7 seats,83,656
2024,11,Suzuki,Carry Blind Van,Van,2 seats,77,1648
2024,11,THACO MAZDA,Mazda 6,Sedan,5 seats,75,558
2024,11,Toyota,Land Prado,SUV,8 seats,72,72
2024,11,Ford,Explorer,SUV,7 seats,60,606
2024,11,Suzuki,Jimny,SUV,4 seats,41,393
2024,11,THACO KIA,K5,Sedan,5 seats,36,280
2024,11,Toyota,Corolla,Sedan,5 seats,36,361
2024,11,SAMCO,SAMCO 24 CN ~ 46CN,Medium bus,27 seats,32,149
2024,11,Isuzu,mu-X,SUV,7 seats,32,215
2024,11,Toyota,Landcruiser 200 GX 470,SUV,8 seats,31,531
2024,11,VINAMOTOR,Vinamotor D8,,Under 10T,27,250
2024,11,Toyota,Camry,Sedan,5 seats,20,861
2024,11,THACO KIA,New Sorento HEV/PHEV,Hybrid,7 seats,18,91
2024,11,SAMCO,SAMCO B40 ~ B80,Large bus,40 seats,16,92
2024,11,Toyota,Alphard,MPV,7 seats,16,122
2024,11,VIDABUS,G12,Large bus,47 seats,15,79
2024,11,VIDABUS,G8,Large bus,29-34 seats,15,32
2024,11,BUS THACO,Minibus,Minibus,,15,133
2024,11,Honda Honda,Accord,Sedan,5 seats,10,79
2024,11,Toyota,Corolla Hybrid,Hybrid,6 seats,3,89
2024,11,Toyota,Camry Hybrid,Hybrid,,3,200
2024,11,Toyota,Alphard Hybrid,Hybrid,8 seats,2,8
2024,11,VINAMOTOR,Hyundai,Large bus Medium truck Light truck Small truck,29-80 Seats,,96
2024,11,Honda,Civic TypeR,Others,5 seats,,11
2024,11,THACO MAZDA,BT-50,Pick-up,5 seats,,5
2024,11,SAMCO,Car carring truck,Car Carrying Truck (SPV),3 seats,,1
2024,11,SAMCO,Sewage suction truck,Sewage suction truck (SPV),3 seats,,4
2024,11,SAMCO,Hooklift,Hooklift (SPV),3 seats,,2
2024,11,SAMCO,Fire truck,Fire fighting truck (SPV),7 seats,,1
2024,11,SAMCO,Garbage compactor truck,Garbage compactor truck (SPV),3 seats,,17
2024,11,SAMCO,Road cleaning truck,Road cleaning truck(SPV),3 seats,,2
2024,11,SAMCO,Crane truck,Crane truck (SPV),3 seats,,1
2024,11,SAMCO,Truck,Medium truck,3 seats,,1
2024,11,SAMCO,SAMCO PRIMAS (Sleeper coaches),Large bus,45 seats,,16
2024,11,Isuzu,Bus Chassis,Chassis,,,108
2024,11,Toyota,Avanza Premio CBU,MPV,7 seats,,1
2024,11,Toyota,Yaris,Sedan,5 seats,,8
2024,11,Suzuki,XL7,SUV,7 seats,,1839
2024,11,Suzuki,Ciaz,Sedan,5 seats,,8
2024,11,Suzuki,Swift,Hatchback,5 seats,,225
2024,11,Suzuki,Ertiga Hybrid,Hybrid,7 seats,,1200
2024,11,Suzuki,Super Carry Pro,Small truck,2 seats,,20
2024,11,Suzuki,Carry Truck,Small truck,2 seats,,398
2024,10,THACO MAZDA,CX-5,Crossover,5 seats,2008,11248
2024,10,Mitsubishi,Xpander (CBU),MPV,7 seats,1890,13669
2024,10,Toyota,Vios,Sedan,5 seats,1757,10569
2024,10,Honda,CITY,Sedan,5 seats,1670,7741
2024,10,Ford,Ranger CKD,Pick-up,5 seats,1541,11221
2024,10,Mitsubishi,Xforce,SUV,5 seats,1481,11444
2024,10,Toyota,Yaris Cross,SUV,5 seats,1433,7704
2024,10,Ford,Everest,SUV,7 seats,1281,8434
2024,10,Ford,Territory,MPV,5 seats,1173,6257
2024,10,Isuzu,Truck,Other Truck,3 seats,1172,7731
2024,10,Toyota,Veloz Cross,MPV,8 seats,1061,6279
2024,10,Toyota,Corolla Cross,SUV,5 seats,1047,4337
2024,10,THACO KIA,Carnival,MPV,7 seats,1044,5320
2024,10,THACO KIA,Seltos,Crossover,5 seats,815,5068
2024,10,THACO TRUCK,Thaco truck,Light truck Dump truck (SPV),2 seats,800,6316
2024,10,THACO TRUCK,Frontier,Small truck,2 seats,740,5750
2024,10,THACO KIA,Sonet,Crossover,5 seats,718,5801
2024,10,Toyota,Raize,SUV,5 seats,698,3666
2024,10,THACO MAZDA,Mazda3,Sedan,5 seats,676,4074
2024,10,Ford,Transit,Minibus,16 seats,676,4206
2024,10,Honda,HR-V,SUV,5 seats,664,4688
2024,10,Honda,CR-V (CKD),SUV,7 seats,641,3628
2024,10,THACO KIA,Carens,SUV,7 seats,515,3599
2024,10,THACO KIA,Sportage,SUV,5 seats,448,2373
2024,10,THACO MAZDA,Mazda2,Sedan,5 seats,447,4066
2024,10,Toyota,Innova Cross Hybrid,Hybrid,,437,1741
2024,10,THACO PREMIUM,Peugeot SUV,peugeot,7 seats,401,2533
2024,10,THACO KIA,K3,Sedan,5 seats,381,2973
2024,10,Toyota,Innova Cross,MPV,7 seats,380,2346
2024,10,Mitsubishi,Triton,Pick-up,5 seats,379,2020
2024,10,Honda,BR-V,MPV,7 seats,358,2830
2024,10,Toyota,Hilux,Pick-up,5 seats,357,1690
2024,10,Toyota,Corolla Cross Hybrid,Hybrid,,355,1142
2024,10,Suzuki,Carry Pro CKD,Small truck,2 seats,347,2547
2024,10,Toyota,Fortuner,SUV,8 seats,345,1877
2024,10,Ford,Ranger CBU,Pick-up,5 seats,340,2426
2024,10,HYUNDAI HYUNDAI HYUNDAI,Mighty CKD,,3 seats,308,1724
2024,10,Suzuki,XL7 Hybrid,Hybrid,,308,564
2024,10,THACO MAZDA,CX-8,SUV,7 seats,294,2105
2024,10,THACO MAZDA,CX-3,SUV,5 seats,261,1944
2024,10,Mitsubishi,Attrage,Sedan,5 seats,260,2081
2024,10,Mitsubishi,Xpander (CKD),MPV,7 seats,241,1418
2024,10,Honda,CR-V Hybrid,Hybrid,5 seats,218,1359
2024,10,Toyota,Avanza Premio CKD,MPV,7 seats,211,1658
2024,10,BUS THACO,Thaco 28 45 seats,Large bus,28 ~ 45 seats,205,1756
2024,10,Toyota,Wigo,Sedan,5 seats,200,2100
2024,10,THACO MAZDA,CX-30,SUV,7 seats,173,1282
2024,10,THACO KIA,Sorento,SUV,7 seats,129,757
2024,10,THACO TRUCK,Thaco dumptruck (SPV),,2 seats,110,778
2024,10,Toyota,Innova,MPV,8 seats,95,567
2024,10,Mitsubishi,Outlander,SUV,7 seats,92,1129
2024,10,THACO KIA,Soluto,Sedan,5 seats,87,374
2024,10,10. V THACO KIA,AMAsendtomedia_Octob Morning,er24 Hatchback,,86,
2024,10,Hino,HINO,Other Truck,3 seats,81,1215
2024,10,Toyota,Yaris Cross Hybrid,Hybrid,,77,704
2024,10,THACO MAZDA,Mazda 6,Sedan,5 seats,74,483
2024,10,Toyota,Fortuner (CBU),SUV,8 seats,71,789
2024,10,Toyota,Camry,Sedan,5 seats,66,841
2024,10,Toyota,Landcruiser 200 GX 470,SUV,8 seats,65,500
2024,10,Isuzu,D-Max,Pick-up,5 seats,62,403
2024,10,Mitsubishi,Pajero Sport,SUV,7 seats,58,573
2024,10,Honda,Civic,Sedan,5 seats,51,934
2024,10,Toyota,Corolla,Sedan,5 seats,51,325
2024,10,Suzuki,Carry Blind Van,Van,2 seats,50,1571
2024,10,Ford,Explorer,SUV,7 seats,41,546
2024,10,THACO KIA,K5,Sedan,5 seats,37,244
2024,10,Suzuki,Jimny,SUV,4 seats,33,352
2024,10,VINAMOTOR,Vinamotor D8,,Under 10T,30,223
2024,10,Isuzu,mu-X,SUV,7 seats,23,183
2024,10,VIDABUS,G12,Large bus,47 seats,21,64
2024,10,Toyota,Alphard,MPV,7 seats,16,106
2024,10,THACO KIA,New Sorento HEV/PHEV,Hybrid,7 seats,11,73
2024,10,Toyota,Camry Hybrid,Hybrid,,10,197
2024,10,VIDABUS,G8,Large bus,29-34 seats,8,17
2024,10,SAMCO,SAMCO 24 CN ~ 46CN,Medium bus,27 seats,7,117
2024,10,BUS THACO,Minibus,Minibus,,5,118
2024,10,Honda Honda,Accord,Sedan,5 seats,4,69
2024,10,Toyota,Corolla Hybrid,Hybrid,6 seats,4,86
2024,10,SAMCO,Garbage compactor truck,Garbage compactor truck (SPV),3 seats,1,17
2024,10,Suzuki,Carry Truck,Small truck,2 seats,1,398
2024,10,VINAMOTOR,Hyundai,Large bus Medium truck Light truck Small truck,29-80 Seats,,96
2024,10,Honda,Civic TypeR,Others,5 seats,,11
2024,10,THACO MAZDA,BT-50,Pick-up,5 seats,,5
2024,10,SAMCO,Car carring truck,Car Carrying Truck (SPV),3 seats,,1
2024,10,SAMCO,Sewage suction truck,Sewage suction truck (SPV),3 seats,,4
2024,10,SAMCO,Hooklift,Hooklift (SPV),3 seats,,2
2024,10,SAMCO,Fire truck,Fire fighting truck (SPV),7 seats,,1
2024,10,SAMCO,Road cleaning truck,Road cleaning truck(SPV),3 seats,,2
2024,10,SAMCO,Crane truck,Crane truck (SPV),3 seats,,1
2024,10,SAMCO,Truck,Medium truck,3 seats,,1
2024,10,SAMCO,SAMCO PRIMAS (Sleeper coaches),Large bus,45 seats,,16
2024,10,SAMCO,SAMCO B40 ~ B80,Large bus,40 seats,,76
2024,10,Isuzu,Bus Chassis,Chassis,,,108
2024,10,Toyota,Avanza Premio CBU,MPV,7 seats,,1
2024,10,Toyota,Alphard Hybrid,Hybrid,8 seats,,6
2024,10,Toyota,Yaris,Sedan,5 seats,,8
2024,10,Suzuki,XL7,SUV,7 seats,,1839
2024,10,Suzuki,Ciaz,Sedan,5 seats,,8
2024,10,Suzuki,Swift,Hatchback,5 seats,,225
2024,10,Suzuki,Ertiga Hybrid,Hybrid,7 seats,,1200
2024,10,Suzuki,Super Carry Pro,Small truck,2 seats,,20
2024,9,Mitsubishi,Xpander (CBU),MPV,7 seats,2566,11779
2024,9,THACO MAZDA,CX-5,Crossover,5 seats,1856,9240
2024,9,Toyota,Vios,Sedan,5 seats,1842,8812
2024,9,Mitsubishi,Xforce,SUV,5 seats,1821,9963
2024,9,Honda,CITY,Sedan,5 seats,1590,6071
2024,9,Ford,Ranger CKD,Pick-up,5 seats,1260,9680
2024,9,Toyota,Veloz Cross,MPV,8 seats,1147,5218
2024,9,THACO KIA,Carnival,MPV,7 seats,1023,4276
2024,9,Isuzu,Truck,Other Truck,3 seats,1013,6559
2024,9,Ford,Everest,SUV,7 seats,948,7153
2024,9,Toyota,Yaris Cross,SUV,5 seats,918,6271
2024,9,Ford,Territory,MPV,5 seats,822,5084
2024,9,THACO TRUCK,Thaco truck,Light truck Dump truck (SPV),2 seats,781,5516
2024,9,THACO KIA,Sonet,Crossover,5 seats,742,5083
2024,9,Honda,CR-V (CKD),SUV,7 seats,706,2987
2024,9,Honda,HR-V,SUV,5 seats,695,4024
2024,9,THACO KIA,Seltos,Crossover,5 seats,681,4253
2024,9,Ford,Transit,Minibus,16 seats,673,3530
2024,9,THACO TRUCK,Frontier,Small truck,2 seats,591,2503
2024,9,THACO MAZDA,Mazda3,Sedan,5 seats,582,3398
2024,9,Toyota,Corolla Cross,SUV,5 seats,578,3290
2024,9,THACO KIA,Carens,SUV,7 seats,477,3084
2024,9,THACO KIA,K3,Sedan,5 seats,443,2592
2024,9,THACO KIA,Sportage,SUV,5 seats,407,1925
2024,9,Suzuki,Carry Pro CKD,Small truck,2 seats,395,2200
2024,9,THACO MAZDA,Mazda2,Sedan,5 seats,380,3619
2024,9,Honda,BR-V,MPV,7 seats,372,2472
2024,9,Mitsubishi,Triton,Pick-up,5 seats,360,1641
2024,9,Toyota,Fortuner,SUV,8 seats,359,1532
2024,9,THACO MAZDA,CX-8,SUV,7 seats,319,1811
2024,9,Toyota,Raize,SUV,5 seats,312,2968
2024,9,Toyota,Hilux,Pick-up,5 seats,280,1333
2024,9,Toyota,Innova Cross,MPV,7 seats,272,1966
2024,9,THACO PREMIUM,Peugeot SUV,peugeot,7 seats,261,2132
2024,9,Toyota,Innova Cross Hybrid,Hybrid,,258,1304
2024,9,Suzuki,XL7 Hybrid,Hybrid,,256,256
2024,9,Mitsubishi,Attrage,Sedan,5 seats,250,1821
2024,9,Toyota,Corolla Cross Hybrid,Hybrid,,223,787
2024,9,Honda,CR-V Hybrid,Hybrid,5 seats,219,1141
2024,9,Ford,Ranger CBU,Pick-up,5 seats,213,2086
2024,9,Toyota,Avanza Premio CKD,MPV,7 seats,204,1447
2024,9,HYUNDAI HYUNDAI HYUNDAI,Mighty CKD,,3 seats,203,1416
2024,9,Mitsubishi,Outlander,SUV,7 seats,198,1037
2024,9,THACO MAZDA,CX-3,SUV,5 seats,193,1683
2024,9,Toyota,Wigo,Sedan,5 seats,183,1900
2024,9,BUS THACO,Thaco 28 45 seats,Large bus,28 ~ 45 seats,174,1551
2024,9,THACO MAZDA,CX-30,SUV,7 seats,165,1109
2024,9,Mitsubishi,Xpander (CKD),MPV,7 seats,122,1177
2024,9,THACO KIA,Sorento,SUV,7 seats,110,628
2024,9,Toyota,Camry,Sedan,5 seats,94,775
2024,9,Toyota,Fortuner (CBU),SUV,8 seats,92,718
2024,9,Hino,HINO,Other Truck,3 seats,89,1134
2024,9,THACO MAZDA,Mazda 6,Sedan,5 seats,88,409
2024,9,Mitsubishi,Pajero Sport,SUV,7 seats,68,515
2024,9,THACO TRUCK,Thaco dumptruck (SPV),,2 seats,66,668
2024,9,9. VA THACO KIA,MAsendtomedia_Septem Morning,ber24 Hatchback,,62,
2024,9,Isuzu,D-Max,Pick-up,5 seats,61,341
2024,9,Toyota,Yaris Cross Hybrid,Hybrid,,61,627
2024,9,Toyota,Landcruiser 200 GX 470,SUV,8 seats,61,435
2024,9,Suzuki,Jimny,SUV,4 seats,58,319
2024,9,Ford,Explorer,SUV,7 seats,51,505
2024,9,Suzuki,Carry Blind Van,Van,2 seats,45,1521
2024,9,THACO KIA,Soluto,Sedan,5 seats,44,287
2024,9,Toyota,Innova,MPV,8 seats,38,472
2024,9,Isuzu,mu-X,SUV,7 seats,36,160
2024,9,Toyota,Corolla,Sedan,5 seats,30,274
2024,9,VINAMOTOR,Vinamotor D8,,Under 10T,27,193
2024,9,Suzuki,XL7,SUV,7 seats,26,1839
2024,9,Isuzu,Bus Chassis,Chassis,,24,108
2024,9,THACO KIA,K5,Sedan,5 seats,20,207
2024,9,Honda,Civic,Sedan,5 seats,16,883
2024,9,Toyota,Camry Hybrid,Hybrid,,14,187
2024,9,Toyota,Alphard,MPV,7 seats,13,90
2024,9,VIDABUS,G8,Large bus,29-34 seats,9,9
2024,9,VIDABUS,G12,Large bus,47 seats,8,43
2024,9,Honda Honda,Accord,Sedan,5 seats,8,65
2024,9,BUS THACO,Minibus,Minibus,,8,113
2024,9,Toyota,Corolla Hybrid,Hybrid,6 seats,7,82
2024,9,THACO KIA,New Sorento HEV/PHEV,Hybrid,7 seats,6,62
2024,9,SAMCO,SAMCO 24 CN ~ 46CN,Medium bus,27 seats,6,110
2024,9,SAMCO,SAMCO B40 ~ B80,Large bus,40 seats,2,76
2024,9,Honda,Civic TypeR,Others,5 seats,1,11
2024,9,SAMCO,Crane truck,Crane truck (SPV),3 seats,1,1
2024,9,VINAMOTOR,Hyundai,Large bus Medium truck Light truck Small truck,29-80 Seats,,96
2024,9,THACO MAZDA,BT-50,Pick-up,5 seats,,5
2024,9,SAMCO,Car carring truck,Car Carrying Truck (SPV),3 seats,,1
2024,9,SAMCO,Sewage suction truck,Sewage suction truck (SPV),3 seats,,4
2024,9,SAMCO,Hooklift,Hooklift (SPV),3 seats,,2
2024,9,SAMCO,Fire truck,Fire fighting truck (SPV),7 seats,,1
2024,9,SAMCO,Garbage compactor truck,Garbage compactor truck (SPV),3 seats,,16
2024,9,SAMCO,Road cleaning truck,Road cleaning truck(SPV),3 seats,,2
2024,9,SAMCO,Truck,Medium truck,3 seats,,1
2024,9,SAMCO,SAMCO PRIMAS (Sleeper coaches),Large bus,45 seats,,16
2024,9,Toyota,Avanza Premio CBU,MPV,7 seats,,1
2024,9,Toyota,Alphard Hybrid,Hybrid,8 seats,,6
2024,9,Toyota,Yaris,Sedan,5 seats,,8
2024,9,Suzuki,Ciaz,Sedan,5 seats,,8
2024,9,Suzuki,Swift,Hatchback,5 seats,,225
2024,9,Suzuki,Ertiga Hybrid,Hybrid,7 seats,,1200
2024,9,Suzuki,Super Carry Pro,Small truck,2 seats,,20
2024,9,Suzuki,Carry Truck,Small truck,2 seats,,397
2024,8,Mitsubishi,Xforcce,SUV,5 seats,2504,8142
2024,8,THACO MAZDA,CX-5,Crossover,5 seats,1070,7384
2024,8,Ford,Ranger CKD,Pick-up,5 seats,1020,8420
2024,8,Toyota,Vios,Sedan,5 seats,1010,6970
2024,8,Mitsubishi,Xpander (CBU),MPV,7 seats,877,9213
2024,8,Ford,Everest,SUV,7 seats,812,6205
2024,8,Toyota,Yaris Cross,SUV,5 seats,807,5353
2024,8,THACO TRUCK,Thaco truck,Light truck Dump truck (SPV),2 seats,738,4735
2024,8,Isuzu,Truck,Other Truck,3 seats,690,5546
2024,8,Ford,Territory,MPV,5 seats,576,4262
2024,8,Ford,Transit,Minibus,16 seats,575,2857
2024,8,Toyota,Veloz Cross,MPV,8 seats,538,4071
2024,8,THACO MAZDA,Mazda2,Sedan,5 seats,442,3239
2024,8,THACO KIA,Seltos,Crossover,5 seats,439,3572
2024,8,THACO KIA,Sonet,Crossover,5 seats,430,4341
2024,8,Toyota,Corolla Cross,SUV,5 seats,429,2712
2024,8,Honda,CITY,Sedan,5 seats,421,4481
2024,8,THACO MAZDA,Mazda3,Sedan,5 seats,380,2816
2024,8,THACO KIA,Carens,SUV,7 seats,366,2607
2024,8,Toyota,Innova Cross,MPV,7 seats,345,1694
2024,8,8. VA THACO KIA,MAsendtomedia_August2 K3,4 Sedan,Page 1 5 seats,308,
2024,8,Toyota,Raize,SUV,5 seats,296,2656
2024,8,THACO TRUCK,K2700 (K200),Small truck,2 seats,294,2507
2024,8,THACO KIA,Sportage,SUV,5 seats,291,1518
2024,8,THACO KIA,Carnival,MPV,7 seats,280,3253
2024,8,THACO PREMIUM,Peugeot SUV,peugeot,7 seats,257,1871
2024,8,Ford,Ranger CBU,Pick-up,5 seats,254,1873
2024,8,Mitsubishi,Attrage,Sedan,5 seats,233,1571
2024,8,Suzuki,Carry Pro CKD,Small truck,2 seats,228,1805
2024,8,THACO MAZDA,CX-3,SUV,5 seats,225,1490
2024,8,Mitsubishi,Outlander,SUV,7 seats,217,839
2024,8,Honda,HR-V,SUV,5 seats,213,3329
2024,8,THACO TRUCK,K3000 (K250),Small truck,2 seats,210,1912
2024,8,THACO MAZDA,CX-8,SUV,7 seats,210,1492
2024,8,Honda,BR-V,MPV,7 seats,208,2100
2024,8,Toyota,Hilux,Pick-up,5 seats,206,1053
2024,8,Toyota,Wigo,Sedan,5 seats,200,1717
2024,8,BUS THACO,Thaco 28 45 seats,Large bus,28 ~ 45 seats,189,1377
2024,8,Toyota,Fortuner,SUV,8 seats,188,1173
2024,8,Honda,CR-V (CKD),SUV,7 seats,174,2281
2024,8,Suzuki,Carry Blind Van,Van,2 seats,170,1476
2024,8,Toyota,Corolla Cross Hybrid,Hybrid,,148,564
2024,8,THACO MAZDA,CX-30,SUV,7 seats,140,944
2024,8,HYUNDAI HYUNDAI HYUNDAI,Mighty CKD,,3 seats,131,1213
2024,8,Toyota,Avanza Premio CKD,MPV,7 seats,129,1243
2024,8,Mitsubishi,Xpander (CKD),MPV,7 seats,126,1055
2024,8,Toyota,Yaris Cross Hybrid,Hybrid,,120,566
2024,8,Honda,CR-V Hybrid,Hybrid,5 seats,117,922
2024,8,Mitsubishi,Triton,Pick-up,5 seats,86,1281
2024,8,Hino,HINO,Other Truck,3 seats,79,1045
2024,8,Toyota,Innova Cross Hybrid,Hybrid,,61,1046
2024,8,Isuzu,D-Max,Pick-up,5 seats,60,280
2024,8,THACO KIA,Sorento,SUV,7 seats,58,518
2024,8,Toyota,Camry,Sedan,5 seats,50,681
2024,8,Toyota,Fortuner (CBU),SUV,8 seats,48,626
2024,8,Mitsubishi,Pajero Sport,SUV,7 seats,48,447
2024,8,THACO TRUCK,Thaco dumptruck (SPV),,2 seats,46,602
2024,8,Toyota,Innova,MPV,8 seats,46,434
2024,8,THACO MAZDA,Mazda 6,Sedan,5 seats,42,321
2024,8,THACO KIA,Morning,Hatchback,5 seats,38,489
2024,8,Ford,Explorer,SUV,7 seats,33,454
2024,8,Toyota,Corolla,Sedan,5 seats,33,244
2024,8,VINAMOTOR,Vinamotor D8,,Under 10T,29,166
2024,8,Toyota,Landcruiser 200 GX 470,SUV,8 seats,22,374
2024,8,Honda,Civic,Sedan,5 seats,21,867
2024,8,Isuzu,mu-X,SUV,7 seats,20,124
2024,8,THACO KIA,Soluto,Sedan,5 seats,19,243
2024,8,SAMCO,SAMCO PRIMAS (Sleeper coaches),Large bus,45 seats,16,16
2024,8,Toyota,Camry Hybrid,Hybrid,,15,173
2024,8,THACO KIA,K5,Sedan,5 seats,14,187
2024,8,Suzuki,XL7 Jimny,SUV,7 seats,13,1813
2024,8,BUS THACO,Minibus,Minibus,,9,105
2024,8,Toyota,Alphard,MPV,7 seats,9,77
2024,8,VIDABUS,G12,Large bus,47 seats,7,35
2024,8,THACO KIA,New Sorento HEV/PHEV,Hybrid,7 seats,4,56
2024,8,Honda,Civic TypeR,Others,5 seats,3,10
2024,8,Honda Honda,Accord,Sedan,5 seats,3,57
2024,8,SAMCO,Garbage compactor truck,Garbage compactor truck (SPV),3 seats,1,16
2024,8,SAMCO,Truck,Medium truck,3 seats,1,1
2024,8,Suzuki,Super Carry Pro,Small truck,2 seats,1,20
2024,8,VINAMOTOR,Hyundai,Large bus Medium truck Light truck Small truck,29-80 Seats,,96
2024,8,THACO MAZDA,BT-50,Pick-up,5 seats,,5
2024,8,SAMCO,Car carring truck,Car Carrying Truck (SPV),3 seats,,1
2024,8,SAMCO,Sewage suction truck,Sewage suction truck (SPV),3 seats,,4
2024,8,SAMCO,Hooklift,Hooklift (SPV),3 seats,,2
2024,8,SAMCO,Fire truck,Fire fighting truck (SPV),7 seats,,1
2024,8,SAMCO,Road cleaning truck,Road cleaning truck(SPV),3 seats,,2
2024,8,SAMCO,SAMCO B40 ~ B80,Large bus,40 seats,,74
2024,8,SAMCO,SAMCO 24 CN ~ 46CN,Medium bus,27 seats,,104
2024,8,Isuzu,Bus Chassis,Chassis,,,84
2024,8,Toyota,Avanza Premio CBU,MPV,7 seats,,1
2024,8,Toyota,Alphard Hybrid,Hybrid,8 seats,,5
2024,8,Toyota,Yaris,Sedan,5 seats,,8
2024,8,Toyota,Corolla Hybrid,Hybrid,6 seats,,75
2024,8,Suzuki,Ciaz,Sedan,5 seats,,8
2024,8,Suzuki,Swift,Hatchback,5 seats,,225
2024,8,Suzuki,Ertiga Hybrid,Hybrid,7 seats,,1200
2024,8,Suzuki,Carry Truck,Small truck,2 seats,,397
2024,7,Mitsubishi,Xforcce,SUV,5 seats,1748,5638
2024,7,Toyota,Vios,Sedan,5 seats,1745,5960
2024,7,Mitsubishi,Xpander (CBU),MPV,7 seats,1336,8336
2024,7,Toyota,Yaris Cross,SUV,5 seats,1085,4546
2024,7,THACO MAZDA,CX-5,Crossover,5 seats,1044,6314
2024,7,Ford,Ranger CKD,Pick-up,5 seats,1018,7400
2024,7,Isuzu,Truck,Other Truck,3 seats,975,4856
2024,7,Ford,Everest,SUV,7 seats,951,5393
2024,7,Toyota,Veloz Cross,MPV,8 seats,766,3533
2024,7,Honda,CITY,Sedan,5 seats,744,4060
2024,7,Ford,Territory,MPV,5 seats,737,3686
2024,7,Honda,HR-V,SUV,5 seats,682,3116
2024,7,THACO TRUCK,Thaco truck,Light truck Dump truck (SPV),2 seats,622,3997
2024,7,Toyota,Corolla Cross,SUV,5 seats,574,2283
2024,7,THACO KIA,Seltos,Crossover,5 seats,526,3133
2024,7,THACO KIA,Carnival,MPV,7 seats,500,2973
2024,7,THACO KIA,Sonet,Crossover,5 seats,492,3911
2024,7,THACO MAZDA,Mazda2,Sedan,5 seats,425,2797
2024,7,THACO KIA,Carens,SUV,7 seats,394,2241
2024,7,Toyota,Raize,SUV,5 seats,393,2360
2024,7,THACO MAZDA,Mazda3,Sedan,5 seats,382,2436
2024,7,Honda,BR-V,MPV,7 seats,340,1892
2024,7,7. VA THACO KIA,MAsendtomedia_July24 K3,Sedan,Page 1 5 seats,331,
2024,7,Honda,CR-V (CKD),SUV,7 seats,304,2107
2024,7,THACO TRUCK,K2700 (K200),Small truck,2 seats,301,2213
2024,7,Toyota,Hilux,Pick-up,5 seats,271,847
2024,7,Honda,CR-V Hybrid,Hybrid,5 seats,270,805
2024,7,THACO MAZDA,CX-3,SUV,5 seats,262,1265
2024,7,THACO PREMIUM,Peugeot SUV,peugeot,7 seats,261,1614
2024,7,Ford,Ranger CBU,Pick-up,5 seats,258,1619
2024,7,Mitsubishi,Attrage,Sedan,5 seats,247,1338
2024,7,THACO TRUCK,K3000 (K250),Small truck,2 seats,238,1702
2024,7,Toyota,Wigo,Sedan,5 seats,231,1517
2024,7,Suzuki,Carry Pro CKD,Small truck,2 seats,229,1577
2024,7,THACO KIA,Sportage,SUV,5 seats,226,1227
2024,7,THACO MAZDA,CX-8,SUV,7 seats,214,1282
2024,7,Toyota,Fortuner,SUV,8 seats,212,985
2024,7,Mitsubishi,Triton,Pick-up,5 seats,204,1195
2024,7,HYUNDAI HYUNDAI HYUNDAI,Mighty CKD,,3 seats,200,1082
2024,7,BUS THACO,Thaco 28 45 seats,Large bus,28 ~ 45 seats,200,1188
2024,7,Toyota,Avanza Premio CKD,MPV,7 seats,187,1114
2024,7,Toyota,Innova Cross,MPV,7 seats,173,1349
2024,7,Toyota,Yaris Cross Hybrid,Hybrid,,157,446
2024,7,Mitsubishi,Xpander (CKD),MPV,7 seats,156,929
2024,7,Toyota,Fortuner (CBU),SUV,8 seats,146,578
2024,7,THACO MAZDA,CX-30,SUV,7 seats,134,804
2024,7,Ford,Transit,Minibus,16 seats,118,2282
2024,7,Hino,HINO,Other Truck,3 seats,109,966
2024,7,Toyota,Camry,Sedan,5 seats,105,631
2024,7,Toyota,Corolla Cross Hybrid,Hybrid,,97,416
2024,7,Toyota,Innova Cross Hybrid,Hybrid,,86,985
2024,7,Mitsubishi,Outlander,SUV,7 seats,86,622
2024,7,THACO KIA,Sorento,SUV,7 seats,75,460
2024,7,Toyota,Landcruiser 200 GX 470,SUV,8 seats,71,352
2024,7,Ford,Explorer,SUV,7 seats,68,421
2024,7,Honda,Civic,Sedan,5 seats,60,846
2024,7,Toyota,Innova,MPV,8 seats,60,388
2024,7,THACO TRUCK,Thaco dumptruck (SPV),,2 seats,59,556
2024,7,Mitsubishi,Pajero Sport,SUV,7 seats,58,399
2024,7,THACO KIA,Morning,Hatchback,5 seats,54,451
2024,7,Suzuki,Carry Blind Van,Van,2 seats,54,1306
2024,7,Isuzu,D-Max,Pick-up,5 seats,50,220
2024,7,THACO MAZDA,Mazda 6,Sedan,5 seats,42,279
2024,7,THACO KIA,K5,Sedan,5 seats,41,173
2024,7,Toyota,Corolla,Sedan,5 seats,40,211
2024,7,THACO KIA,Soluto,Sedan,5 seats,38,224
2024,7,Toyota,Corolla Hybrid,Hybrid,6 seats,38,75
2024,7,VINAMOTOR,Vinamotor D8,,Under 10T,25,137
2024,7,Toyota,Camry Hybrid,Hybrid,,24,158
2024,7,Suzuki,XL7 Jimny,SUV,7 seats,20,1800
2024,7,Isuzu,mu-X,SUV,7 seats,19,104
2024,7,Suzuki,Ertiga Hybrid,Hybrid,7 seats,19,1200
2024,7,Toyota,Alphard,MPV,7 seats,16,68
2024,7,Isuzu,Bus Chassis,Chassis,,12,84
2024,7,Suzuki,Swift,Hatchback,5 seats,8,225
2024,7,Honda Honda,Accord,Sedan,5 seats,6,54
2024,7,BUS THACO,Minibus,Minibus,,6,96
2024,7,SAMCO,SAMCO 24 CN ~ 46CN,Medium bus,27 seats,6,104
2024,7,VIDABUS,G12,Large bus,47 seats,4,28
2024,7,THACO KIA,New Sorento HEV/PHEV,Hybrid,7 seats,2,52
2024,7,SAMCO,Hooklift,Hooklift (SPV),3 seats,2,2
2024,7,Toyota,Alphard Hybrid,Hybrid,8 seats,2,5
2024,7,SAMCO,Fire truck,Fire fighting truck (SPV),7 seats,1,1
2024,7,SAMCO,Garbage compactor truck,Garbage compactor truck (SPV),3 seats,1,15
2024,7,SAMCO,SAMCO B40 ~ B80,Large bus,40 seats,1,74
2024,7,Suzuki,Super Carry Pro,Small truck,2 seats,1,19
2024,7,VINAMOTOR,Hyundai,Large bus Medium truck Light truck Small truck,29-80 Seats,,96
2024,7,Honda,Civic TypeR,Others,5 seats,,7
2024,7,THACO MAZDA,BT-50,Pick-up,5 seats,,5
2024,7,SAMCO,Car carring truck,Car Carrying Truck (SPV),3 seats,,1
2024,7,SAMCO,Sewage suction truck,Sewage suction truck (SPV),3 seats,,4
2024,7,SAMCO,Road cleaning truck,Road cleaning truck(SPV),3 seats,,2
2024,7,Toyota,Avanza Premio CBU,MPV,7 seats,,1
2024,7,Toyota,Yaris,Sedan,5 seats,,8
2024,7,Suzuki,Ciaz,Sedan,5 seats,,8
2024,7,Suzuki,Carry Truck,Small truck,2 seats,,397
2024,6,THACO MAZDA,CX-5,Crossover,5 seats,1259,5270
2024,6,Ford,Ranger CKD,Pick-up,5 seats,1146,6382
2024,6,Mitsubishi,Xpander (CBU),MPV,7 seats,1064,7000
2024,6,Mitsubishi,Xforcce,SUV,5 seats,948,3890
2024,6,Ford,Everest,SUV,7 seats,830,4442
2024,6,Toyota,Yaris Cross,SUV,5 seats,808,3461
2024,6,Isuzu,Truck,Other Truck,3 seats,779,3881
2024,6,Toyota,Vios,Sedan,5 seats,769,4215
2024,6,Ford,Territory,MPV,5 seats,748,2949
2024,6,Toyota,Veloz,MPV,8 seats,670,2767
2024,6,THACO TRUCK,Thaco truck,Light truck Dump truck (SPV),2 seats,609,3375
2024,6,THACO KIA,Sonet,Crossover,5 seats,601,3419
2024,6,THACO KIA,Seltos,Crossover,5 seats,587,2607
2024,6,Toyota,Corolla Cross,SUV,5 seats,575,1709
2024,6,THACO KIA,Carnival,MPV,7 seats,447,2473
2024,6,Honda,CITY,Sedan,5 seats,443,3316
2024,6,THACO MAZDA,Mazda3,Sedan,5 seats,430,2054
2024,6,Toyota,Raize,SUV,5 seats,403,1967
2024,6,6. VA THACO KIA,MAsendtomedia_June24 K3,Sedan,Page 1 5 seats,372,
2024,6,THACO KIA,Carens,SUV,7 seats,368,1847
2024,6,THACO MAZDA,Mazda2,Sedan,5 seats,361,2372
2024,6,THACO TRUCK,K2700 (K200),Small truck,2 seats,339,1912
2024,6,Toyota,Wigo,Sedan,5 seats,299,1286
2024,6,Ford,Ranger CBU,Pick-up,5 seats,296,1361
2024,6,THACO TRUCK,K3000 (K250),Small truck,2 seats,295,1464
2024,6,THACO PREMIUM,Peugeot SUV,peugeot,7 seats,287,1353
2024,6,Mitsubishi,Attrage,Sedan,5 seats,277,1091
2024,6,Toyota,Innova Cross Hybrid,Hybrid,,274,899
2024,6,Toyota,Hilux,Pick-up,5 seats,268,576
2024,6,Toyota,Innova Cross,MPV,7 seats,266,1176
2024,6,THACO KIA,Sportage,SUV,5 seats,256,1001
2024,6,Mitsubishi,Triton,Pick-up,5 seats,249,991
2024,6,Honda,BR-V,MPV,7 seats,248,1552
2024,6,BUS THACO,Thaco 28 45 seats,Large bus,28 ~ 45 seats,239,988
2024,6,Honda,HR-V,SUV,5 seats,237,2434
2024,6,Ford,Transit,Minibus,16 seats,213,2164
2024,6,THACO MAZDA,CX-8,SUV,7 seats,209,1068
2024,6,HYUNDAI HYUNDAI HYUNDAI,Mighty CKD,,3 seats,195,882
2024,6,Honda,CR-V (CKD),SUV,7 seats,195,1803
2024,6,Toyota,Fortuner,SUV,8 seats,191,773
2024,6,THACO MAZDA,CX-3,SUV,5 seats,190,1003
2024,6,Toyota,Avanza CKD,MPV,7 seats,178,927
2024,6,Mitsubishi,Xpander (CKD),MPV,7 seats,172,773
2024,6,Mitsubishi,Outlander,SUV,7 seats,144,536
2024,6,Toyota,Fortuner (CBU),SUV,8 seats,141,432
2024,6,Suzuki,Carry Pro CKD,Small truck,2 seats,133,1348
2024,6,Honda,Civic,Sedan,5 seats,130,786
2024,6,Honda,CR-V Hybrid,Hybrid,5 seats,120,535
2024,6,Suzuki,Carry Blind Van,Van,2 seats,111,1252
2024,6,Hino,HINO,Other Truck,3 seats,109,859
2024,6,THACO KIA,Sorento,SUV,7 seats,94,385
2024,6,THACO MAZDA,CX-30,SUV,7 seats,92,670
2024,6,Toyota,Corolla Cross Hybrid,Hybrid,,86,319
2024,6,Toyota,Camry,Sedan,5 seats,78,526
2024,6,THACO KIA,Morning,Hatchback,5 seats,77,397
2024,6,Ford,Explorer,SUV,7 seats,74,353
2024,6,Toyota,Landcruiser 200 GX 470,SUV,8 seats,61,281
2024,6,THACO TRUCK,Thaco dumptruck (SPV),,2 seats,59,497
2024,6,Suzuki,Ertiga Hybrid,Hybrid,7 seats,59,1181
2024,6,Mitsubishi,Pajero Sport,SUV,7 seats,59,341
2024,6,Toyota,Innova,MPV,8 seats,58,328
2024,6,VINAMOTOR,Vinamotor D8,,Under 10T,52,112
2024,6,THACO KIA,Soluto,Sedan,5 seats,45,186
2024,6,Isuzu,D-Max,Pick-up,5 seats,31,170
2024,6,Suzuki,XL7 Jimny,SUV,7 seats,28,1780
2024,6,Toyota,Camry Hybrid,Hybrid,,27,134
2024,6,THACO MAZDA,Mazda 6,Sedan,5 seats,21,237
2024,6,THACO KIA,K5,Sedan,5 seats,21,132
2024,6,SAMCO,SAMCO 24 CN ~ 46CN,Medium bus,27 seats,19,98
2024,6,Isuzu,mu-X,SUV,7 seats,18,85
2024,6,Toyota,Corolla,Sedan,5 seats,15,171
2024,6,Isuzu,Bus Chassis,Chassis,,12,72
2024,6,Suzuki,Swift,Hatchback,5 seats,9,217
2024,6,Honda Honda,Accord,Sedan,5 seats,8,48
2024,6,SAMCO,SAMCO B40 ~ B80,Large bus,40 seats,8,73
2024,6,Toyota,Alphard,MPV,7 seats,7,52
2024,6,THACO KIA,New Sorento HEV/PHEV,Hybrid,7 seats,6,50
2024,6,BUS THACO,Minibus,Minibus,,5,90
2024,6,Toyota,Yaris Cross Hybrid,Hybrid,,3,289
2024,6,SAMCO,Road cleaning truck,Road cleaning truck(SPV),3 seats,2,2
2024,6,SAMCO,Garbage compactor truck,Garbage compactor truck (SPV),3 seats,1,14
2024,6,Toyota,Alphard Hybrid,Hybrid,8 seats,1,4
2024,6,VIDABUS,G12,Large bus,47 seats,,24
2024,6,VINAMOTOR,Hyundai,Large bus Medium truck Light truck Small truck,29-80 Seats,,96
2024,6,Honda,Civic TypeR,Others,5 seats,,7
2024,6,THACO MAZDA,BT-50,Pick-up,5 seats,,5
2024,6,SAMCO,Car carring truck,Car Carrying Truck (SPV),3 seats,,1
2024,6,SAMCO,Sewage suction truck,Sewage suction truck (SPV),3 seats,,4
2024,6,Toyota,Avanza CBU,MPV,7 seats,,1
2024,6,Toyota,Yaris,Sedan,5 seats,,8
2024,6,Toyota,Corolla Hybrid,Hybrid,6 seats,,37
2024,6,Suzuki,Ciaz,Sedan,5 seats,,8
2024,6,Suzuki,Super Carry Pro,Small truck,2 seats,,18
2024,6,Suzuki,Carry Truck,Small truck,2 seats,,397
2024,5,Mitsubishi,Xpander (CBU),MPV,7 seats,1629,5936
2024,5,Ford,Ranger CKD,Pick-up,5 seats,1118,5236
2024,5,THACO MAZDA,CX-5,Crossover,5 seats,892,4011
2024,5,Ford,Everest,SUV,7 seats,811,3612
2024,5,Mitsubishi,Xforcce,SUV,5 seats,802,2942
2024,5,Toyota,Corolla Cross,SUV,5 seats,788,1134
2024,5,Toyota,Yaris Cross,SUV,5 seats,781,2653
2024,5,Isuzu,Truck,Other Truck,3 seats,767,3102
2024,5,Toyota,Vios,Sedan,5 seats,766,3446
2024,5,THACO TRUCK,Thaco truck,Light truck Dump truck (SPV),2 seats,690,2766
2024,5,Toyota,Veloz,MPV,8 seats,604,2097
2024,5,Ford,Territory,MPV,5 seats,540,2201
2024,5,THACO MAZDA,Mazda2,Sedan,5 seats,509,2011
2024,5,THACO KIA,Seltos,Crossover,5 seats,481,2020
2024,5,THACO KIA,Carnival,MPV,7 seats,442,2026
2024,5,Toyota,Raize,SUV,5 seats,433,1564
2024,5,Ford,Transit,Minibus,16 seats,413,1951
2024,5,THACO TRUCK,K2700 (K200),Small truck,2 seats,388,1573
2024,5,THACO KIA,Sonet,Crossover,5 seats,366,2818
2024,5,Ford,Ranger CBU,Pick-up,5 seats,359,1065
2024,5,5. VA THACO KIA,MAsendtomedia_May24 K3,Sedan,Page 1 5 seats,315,
2024,5,Toyota,Hilux,Pick-up,5 seats,308,308
2024,5,Suzuki,Carry Pro CKD,Small truck,2 seats,308,1215
2024,5,THACO MAZDA,Mazda3,Sedan,5 seats,305,1624
2024,5,Honda,CITY,Sedan,5 seats,303,2873
2024,5,THACO KIA,Carens,SUV,7 seats,293,1479
2024,5,THACO TRUCK,K3000 (K250),Small truck,2 seats,290,1169
2024,5,Honda,CR-V (CKD),SUV,7 seats,288,1608
2024,5,Suzuki,Ertiga Hybrid,Hybrid,7 seats,287,1122
2024,5,Honda,BR-V,MPV,7 seats,256,1304
2024,5,Toyota,Innova Cross Hybrid,Hybrid,,241,625
2024,5,THACO PREMIUM,Peugeot SUV,peugeot,7 seats,234,1066
2024,5,Toyota,Innova Cross,MPV,7 seats,220,910
2024,5,THACO MAZDA,CX-3,SUV,5 seats,215,813
2024,5,Mitsubishi,Attrage,Sedan,5 seats,213,814
2024,5,BUS THACO,Thaco 28 45 seats,Large bus,28 ~ 45 seats,208,749
2024,5,Toyota,Corolla Cross Hybrid,Hybrid,,208,233
2024,5,HYUNDAI HYUNDAI HYUNDAI,Mighty CKD,,3 seats,205,687
2024,5,Toyota,Wigo,Sedan,5 seats,200,987
2024,5,THACO KIA,Sportage,SUV,5 seats,195,745
2024,5,Honda,Civic,Sedan,5 seats,191,656
2024,5,THACO MAZDA,CX-8,SUV,7 seats,175,859
2024,5,Toyota,Avanza CKD,MPV,7 seats,167,749
2024,5,Mitsubishi,Triton,Pick-up,5 seats,163,742
2024,5,Toyota,Fortuner,SUV,8 seats,162,582
2024,5,Hino,HINO,Other Truck,3 seats,148,750
2024,5,Mitsubishi,Outlander,SUV,7 seats,139,392
2024,5,Mitsubishi,Xpander (CKD),MPV,7 seats,137,601
2024,5,Toyota,Yaris Cross Hybrid,Hybrid,,121,286
2024,5,THACO TRUCK,Thaco dumptruck (SPV),,2 seats,120,438
2024,5,THACO MAZDA,CX-30,SUV,7 seats,116,578
2024,5,Suzuki,Carry Blind Van,Van,2 seats,115,1141
2024,5,Honda,HR-V,SUV,5 seats,107,2197
2024,5,Toyota,Camry,Sedan,5 seats,85,448
2024,5,THACO KIA,Sorento,SUV,7 seats,84,291
2024,5,Toyota,Fortuner (CBU),SUV,8 seats,84,291
2024,5,THACO MAZDA,Mazda 6,Sedan,5 seats,78,216
2024,5,THACO KIA,Morning,Hatchback,5 seats,74,320
2024,5,Toyota,Landcruiser 200 GX 470,SUV,8 seats,71,220
2024,5,Mitsubishi,Pajero Sport,SUV,7 seats,68,282
2024,5,Toyota,Innova,MPV,8 seats,41,270
2024,5,Toyota,Corolla,Sedan,5 seats,34,156
2024,5,Isuzu,D-Max,Pick-up,5 seats,33,139
2024,5,VINAMOTOR,Vinamotor D8,,Under 10T,31,60
2024,5,Honda,CR-V Hybrid,Hybrid,5 seats,29,415
2024,5,Ford,Explorer,SUV,7 seats,29,279
2024,5,THACO KIA,Soluto,Sedan,5 seats,25,141
2024,5,SAMCO,SAMCO 24 CN ~ 46CN,Medium bus,27 seats,23,79
2024,5,Toyota,Camry Hybrid,Hybrid,,22,107
2024,5,Suzuki,Swift,Hatchback,5 seats,21,208
2024,5,THACO KIA,K5,Sedan,5 seats,20,111
2024,5,THACO KIA,New Sorento HEV/PHEV,Hybrid,7 seats,20,44
2024,5,Toyota,Alphard,MPV,7 seats,19,45
2024,5,Suzuki,XL7 Jimny,SUV,7 seats,15,1752
2024,5,BUS THACO,Minibus,Minibus,,13,85
2024,5,Isuzu,Bus Chassis,Chassis,,12,60
2024,5,Isuzu,mu-X,SUV,7 seats,12,67
2024,5,Honda Honda,Accord,Sedan,5 seats,4,40
2024,5,Suzuki,Ciaz,Sedan,5 seats,3,8
2024,5,SAMCO,Garbage compactor truck,Garbage compactor truck (SPV),3 seats,2,13
2024,5,Honda,Civic TypeR,Others,5 seats,1,7
2024,5,Toyota,Corolla Hybrid,Hybrid,6 seats,1,37
2024,5,Suzuki,Super Carry Pro,Small truck,2 seats,1,18
2024,5,VIDABUS,G12,Large bus,47 seats,,24
2024,5,VINAMOTOR,Hyundai,Large bus Medium truck Light truck Small truck,29-80 Seats,,96
2024,5,THACO MAZDA,BT-50,Pick-up,5 seats,,5
2024,5,SAMCO,Car carring truck,Car Carrying Truck (SPV),3 seats,,1
2024,5,SAMCO,Sewage suction truck,Sewage suction truck (SPV),3 seats,,4
2024,5,SAMCO,SAMCO B40 ~ B80,Large bus,40 seats,,65
2024,5,Toyota,Avanza CBU,MPV,7 seats,,1
2024,5,Toyota,Alphard Hybrid,Hybrid,8 seats,,3
2024,5,Toyota,Yaris,Sedan,5 seats,,8
2024,5,Suzuki,Carry Truck,Small truck,2 seats,,397
2024,4,Mitsubishi,Xpander (CBU),MPV,7 seats,1110,4307
2024,4,Ford,Ranger CKD,Pick-up,5 seats,990,4118
2024,4,Toyota,Vios,Sedan,5 seats,923,2680
2024,4,Toyota,Yaris Cross,SUV,5 seats,841,1872
2024,4,Mitsubishi,Xforcce,SUV,5 seats,806,2140
2024,4,THACO MAZDA,CX-5,Crossover,5 seats,800,3119
2024,4,Ford,Everest,SUV,7 seats,766,2801
2024,4,Isuzu,Truck,Other Truck,3 seats,746,2335
2024,4,Toyota,Innova Cross,MPV,7 seats,661,690
2024,4,THACO TRUCK,Thaco truck,Light truck Dump truck (SPV),2 seats,621,2076
2024,4,THACO KIA,Sonet,Crossover,5 seats,563,2452
2024,4,Honda,CR-V Hybrid,Hybrid,5 seats,534,828
2024,4,Ford,Transit,Minibus,16 seats,529,1538
2024,4,Toyota,Veloz,MPV,8 seats,525,1493
2024,4,THACO KIA,Carnival,MPV,7 seats,479,1584
2024,4,THACO KIA,Seltos,Crossover,5 seats,473,1539
2024,4,Ford,Territory,MPV,5 seats,449,1661
2024,4,THACO MAZDA,Mazda2,Sedan,5 seats,427,1502
2024,4,Honda,CITY,Sedan,5 seats,405,2570
2024,4,THACO TRUCK,K2700 (K200),Small truck,2 seats,395,1185
2024,4,Suzuki,XL7 Jimny,SUV,7 seats,391,1737
2024,4,THACO KIA,Carens,SUV,7 seats,349,1186
2024,4,THACO MAZDA,Mazda3,Sedan,5 seats,337,1319
2024,4,THACO TRUCK,K3000 (K250),Small truck,2 seats,325,879
2024,4,Honda,BR-V,MPV,7 seats,321,1048
2024,4,Toyota,Raize,SUV,5 seats,295,1131
2024,4,Suzuki,Carry Pro CKD,Small truck,2 seats,287,907
2024,4,Ford,Ranger CBU,Pick-up,5 seats,272,706
2024,4,4. VA THACO KIA,MAsendtomedia_April24 K3,Sedan,Page 1 5 seats,271,
2024,4,Toyota,Wigo,Sedan,5 seats,267,787
2024,4,Honda,HR-V,SUV,5 seats,248,2090
2024,4,Suzuki,Carry Blind Van,Van,2 seats,230,1026
2024,4,THACO KIA,Sportage,SUV,5 seats,212,550
2024,4,THACO PREMIUM,Peugeot SUV,peugeot,7 seats,210,832
2024,4,Mitsubishi,Attrage,Sedan,5 seats,208,601
2024,4,Suzuki,Ertiga Hybrid,Hybrid,7 seats,203,835
2024,4,THACO MAZDA,CX-8,SUV,7 seats,202,684
2024,4,Honda,Civic,Sedan,5 seats,197,465
2024,4,BUS THACO,Thaco 28 45 seats,Large bus,28 ~ 45 seats,192,541
2024,4,HYUNDAI HYUNDAI HYUNDAI,Mighty CKD,,3 seats,187,482
2024,4,THACO MAZDA,CX-30,SUV,7 seats,176,462
2024,4,THACO MAZDA,CX-3,SUV,5 seats,176,598
2024,4,Toyota,Avanza CKD,MPV,7 seats,174,582
2024,4,Toyota,Fortuner,SUV,8 seats,167,420
2024,4,Mitsubishi,Xpander (CKD),MPV,7 seats,153,464
2024,4,Mitsubishi,Triton,Pick-up,5 seats,144,579
2024,4,Toyota,Innova Cross Hybrid,Hybrid,,141,384
2024,4,THACO TRUCK,Thaco dumptruck (SPV),,2 seats,129,318
2024,4,Hino,HINO,Other Truck,3 seats,119,602
2024,4,Toyota,Camry,Sedan,5 seats,110,363
2024,4,Toyota,Fortuner (CBU),SUV,8 seats,100,207
2024,4,Toyota,Landcruiser 200 GX 470,SUV,8 seats,95,149
2024,4,Honda,CR-V (CKD),SUV,7 seats,92,878
2024,4,THACO KIA,Sorento,SUV,7 seats,73,207
2024,4,THACO KIA,Morning,Hatchback,5 seats,64,246
2024,4,Toyota,Innova,MPV,8 seats,62,229
2024,4,Mitsubishi,Outlander,SUV,7 seats,62,253
2024,4,Ford,Explorer,SUV,7 seats,47,250
2024,4,Toyota,Yaris Cross Hybrid,Hybrid,,41,165
2024,4,Toyota,Corolla,Sedan,5 seats,35,122
2024,4,THACO MAZDA,Mazda 6,Sedan,5 seats,32,138
2024,4,Isuzu,D-Max,Pick-up,5 seats,30,106
2024,4,VINAMOTOR,Vinamotor D8,,Under 10T,29,29
2024,4,SAMCO,SAMCO 24 CN ~ 46CN,Medium bus,27 seats,29,56
2024,4,Mitsubishi,Pajero Sport,SUV,7 seats,25,214
2024,4,BUS THACO,Minibus,Minibus,,24,72
2024,4,THACO KIA,Soluto,Sedan,5 seats,24,116
2024,4,Isuzu,Bus Chassis,Chassis,,24,48
2024,4,Toyota,Camry Hybrid,Hybrid,,23,85
2024,4,Suzuki,Swift,Hatchback,5 seats,23,187
2024,4,Isuzu,mu-X,SUV,7 seats,20,55
2024,4,THACO KIA,K5,Sedan,5 seats,17,91
2024,4,THACO KIA,New Sorento HEV/PHEV,Hybrid,7 seats,14,24
2024,4,VIDABUS,G12,Large bus,47 seats,12,24
2024,4,Toyota,Corolla Cross,SUV,5 seats,12,346
2024,4,Toyota,Alphard,MPV,7 seats,7,26
2024,4,Honda Honda,Accord,Sedan,5 seats,5,36
2024,4,SAMCO,Garbage compactor truck,Garbage compactor truck (SPV),3 seats,4,11
2024,4,Suzuki,Carry Truck,Small truck,2 seats,3,397
2024,4,Toyota,Corolla Cross Hybrid,Hybrid,,2,25
2024,4,Toyota,Avanza CBU,MPV,7 seats,1,1
2024,4,Toyota,Corolla Hybrid,Hybrid,6 seats,1,36
2024,4,Suzuki,Ciaz,Sedan,5 seats,1,5
2024,4,VINAMOTOR,Hyundai,Large bus Medium truck Light truck Small truck,29-80 Seats,,96
2024,4,Honda,Civic TypeR,Others,5 seats,,6
2024,4,THACO MAZDA,BT-50,Pick-up,5 seats,,5
2024,4,SAMCO,Car carring truck,Car Carrying Truck (SPV),3 seats,,1
2024,4,SAMCO,Sewage suction truck,Sewage suction truck (SPV),3 seats,,4
2024,4,SAMCO,SAMCO B40 ~ B80,Large bus,40 seats,,65
2024,4,Toyota,Alphard Hybrid,Hybrid,8 seats,,3
2024,4,Toyota,Yaris,Sedan,5 seats,,8
2024,4,Suzuki,Super Carry Pro,Small truck,2 seats,,17
2024,3,Mitsubishi,Xpander (CBU),MPV,7 seats,1410,3197
2024,3,Ford,Ranger CKD,Pick-up,5 seats,1382,3128
2024,3,Mitsubishi,Xforcce,SUV,5 seats,1334,1334
2024,3,Honda,CITY,Sedan,5 seats,1043,2165
2024,3,Toyota,Vios,Sedan,5 seats,934,1757
2024,3,THACO MAZDA,CX-5,Crossover,5 seats,912,2319
2024,3,Ford,Everest,SUV,7 seats,899,2035
2024,3,Isuzu,Truck,Other Truck,3 seats,809,1589
2024,3,THACO TRUCK,Thaco truck,Light truck Dump truck (SPV),2 seats,781,1455
2024,3,Honda,HR-V,SUV,5 seats,759,1842
2024,3,THACO KIA,Sonet,Crossover,5 seats,751,1889
2024,3,Suzuki,XL7 Jimny,SUV,7 seats,677,1346
2024,3,Toyota,Yaris Cross,SUV,5 seats,658,1031
2024,3,Ford,Territory,MPV,5 seats,602,1212
2024,3,Ford,Transit,Minibus,16 seats,583,1009
2024,3,Toyota,Veloz,MPV,8 seats,569,968
2024,3,THACO KIA,Carnival,MPV,7 seats,498,1105
2024,3,Honda,CR-V (CKD),SUV,7 seats,467,786
2024,3,THACO TRUCK,K2700 (K200),Small truck,2 seats,459,790
2024,3,THACO MAZDA,Mazda2,Sedan,5 seats,453,1075
2024,3,Suzuki,Carry Blind Van,Van,2 seats,434,796
2024,3,Toyota,Raize,SUV,5 seats,392,836
2024,3,THACO MAZDA,Mazda3,Sedan,5 seats,350,982
2024,3,THACO KIA,Seltos,Crossover,5 seats,340,1066
2024,3,THACO KIA,Carens,SUV,7 seats,332,837
2024,3,THACO TRUCK,K3000 (K250),Small truck,2 seats,303,554
2024,3,Toyota,Wigo,Sedan,5 seats,288,520
2024,3,Suzuki,Carry Pro CKD,Small truck,2 seats,284,620
2024,3,Hino,HINO,Other Truck,3 seats,283,483
2024,3,Honda,BR-V,MPV,7 seats,272,727
2024,3,THACO KIA,K3,Sedan,5 seats,272,552
2024,3,THACO PREMIUM,Peugeot SUV,peugeot,7 seats,231,622
2024,3,Mitsubishi,Triton,Pick-up,5 seats,216,435
2024,3,THACO MAZDA,CX-3,SUV,5 seats,214,422
2024,3,Toyota,Innova Cross Hybrid,Hybrid,,212,243
2024,3,THACO MAZDA,CX-8,SUV,7 seats,202,482
2024,3,Toyota,Avanza,MPV,7 seats,196,408
2024,3,Honda,CR-V Hybrid,Hybrid,5 seats,182,294
2024,3,THACO MAZDA,CX-30,SUV,7 seats,181,286
2024,3,Mitsubishi,Attrage,Sedan,5 seats,176,393
2024,3,Mitsubishi,Xpander (CKD),MPV,7 seats,172,311
2024,3,Suzuki,Ertiga Hybrid,Hybrid,7 seats,167,632
2024,3,Ford,Ranger CBU,Pick-up,5 seats,157,434
2024,3,HYUNDAI HYUNDAI HYUNDAI,Mighty CKD,,3 seats,153,295
2024,3,THACO KIA,Sportage,SUV,5 seats,153,338
2024,3,Toyota,Fortuner,SUV,8 seats,153,253
2024,3,BUS THACO,Thaco 28 45 seats,Large bus,28 ~ 45 seats,137,349
2024,3,Toyota,Camry,Sedan,5 seats,111,253
2024,3,Suzuki,Carry Truck,Small truck,2 seats,111,394
2024,3,THACO TRUCK,Thaco dumptruck (SPV),,2 seats,110,189
2024,3,Honda,Civic,Sedan,5 seats,97,268
2024,3,Mitsubishi,Outlander,SUV,7 seats,91,191
2024,3,THACO KIA,Morning,Hatchback,5 seats,73,182
2024,3,Toyota,Corolla Cross,SUV,5 seats,71,334
2024,3,Toyota,Innova,MPV,8 seats,64,167
2024,3,Ford,Explorer,SUV,7 seats,63,203
2024,3,Toyota,Fortuner (CBU),SUV,8 seats,58,107
2024,3,Isuzu,D-Max,Pick-up,5 seats,47,76
2024,3,Toyota,Yaris Cross Hybrid,Hybrid,,44,124
2024,3,3. VA THACO KIA,MAsendtomedia_March2 Sorento,4 SUV,Page 1 7 seats,42,
2024,3,Mitsubishi,Pajero Sport,SUV,7 seats,40,189
2024,3,THACO MAZDA,Mazda 6,Sedan,5 seats,38,106
2024,3,Toyota,Corolla,Sedan,5 seats,34,87
2024,3,VINAMOTOR,Hyundai,Large bus Medium truck Light truck Small truck,29-80 Seats,33,96
2024,3,THACO KIA,Soluto,Sedan,5 seats,32,92
2024,3,Suzuki,Swift,Hatchback,5 seats,32,164
2024,3,BUS THACO,Minibus,Minibus,,28,48
2024,3,THACO KIA,K5,Sedan,5 seats,24,74
2024,3,Isuzu,Bus Chassis,Chassis,,24,24
2024,3,Toyota,Camry Hybrid,Hybrid,,20,62
2024,3,Toyota,Innova Cross,MPV,7 seats,19,29
2024,3,Toyota,Landcruiser 200 GX 470,SUV,8 seats,19,54
2024,3,SAMCO,SAMCO B40 ~ B80,Large bus,40 seats,14,65
2024,3,VIDABUS,G12,Large bus,47 seats,12,12
2024,3,Honda Honda,Accord,Sedan,5 seats,11,31
2024,3,Isuzu,mu-X,SUV,7 seats,10,35
2024,3,Toyota,Alphard,MPV,7 seats,10,19
2024,3,Toyota,Corolla Cross Hybrid,Hybrid,,9,23
2024,3,SAMCO,SAMCO 24 CN ~ 46CN,Medium bus,27 seats,8,27
2024,3,THACO KIA,New Sorento HEV/PHEV,Hybrid,7 seats,7,10
2024,3,Suzuki,Super Carry Pro,Small truck,2 seats,6,17
2024,3,Toyota,Corolla Hybrid,Hybrid,6 seats,3,35
2024,3,SAMCO,Garbage compactor truck,Garbage compactor truck (SPV),3 seats,2,7
2024,3,Honda,Civic TypeR,Others,5 seats,1,6
2024,3,Toyota,Alphard Hybrid,Hybrid,8 seats,1,3
2024,3,Suzuki,Ciaz,Sedan,5 seats,1,4
2024,3,THACO MAZDA,BT-50,Pick-up,5 seats,,5
2024,3,SAMCO,Car carring truck,Car Carrying Truck (SPV),3 seats,,1
2024,3,SAMCO,Sewage suction truck,Sewage suction truck (SPV),3 seats,,4
2024,3,Toyota,Yaris,Sedan,5 seats,,8
2024,2,Ford,Ranger CKD,Pick-up,5 seats,795,1746
2024,2,Honda,CITY,Sedan,5 seats,640,1122
2024,2,THACO MAZDA,CX-5,Crossover,5 seats,600,1407
2024,2,Mitsubishi,Xpander (CBU),MPV,7 seats,586,1787
2024,2,THACO KIA,Sonet,Crossover,5 seats,428,1138
2024,2,Ford,Everest,SUV,7 seats,351,1136
2024,2,THACO TRUCK,Thaco truck,Light truck Dump truck (SPV),2 seats,349,674
2024,2,Isuzu,Truck,Other Truck,3 seats,335,780
2024,2,Honda,HR-V,SUV,5 seats,282,1083
2024,2,THACO KIA,Carnival,MPV,7 seats,268,607
2024,2,THACO MAZDA,Mazda2,Sedan,5 seats,250,622
2024,2,THACO MAZDA,Mazda3,Sedan,5 seats,234,632
2024,2,Ford,Territory,MPV,5 seats,220,610
2024,2,Suzuki,XL7 Jimy,SUV,7 seats,219,669
2024,2,THACO KIA,Seltos,Crossover,5 seats,202,726
2024,2,THACO KIA,Carens,SUV,7 seats,201,505
2024,2,THACO TRUCK,K2700 (K200),Small truck,2 seats,200,331
2024,2,Suzuki,Carry Pro CKD,Small truck,2 seats,188,336
2024,2,Toyota,Raize,SUV,5 seats,181,444
2024,2,Ford,Transit,Minibus,16 seats,175,426
2024,2,Suzuki,Carry Blind Van,Van,2 seats,174,362
2024,2,Toyota,Vios,Sedan,5 seats,170,823
2024,2,THACO PREMIUM,Peugeot SUV,peugeot,7 seats,167,391
2024,2,Toyota,Wigo,Sedan,5 seats,148,232
2024,2,Toyota,Veloz,MPV,8 seats,146,399
2024,2,THACO TRUCK,K3000 (K250),Small truck,2 seats,129,251
2024,2,Honda,BR-V,MPV,7 seats,127,455
2024,2,THACO MAZDA,CX-8,SUV,7 seats,108,280
2024,2,THACO KIA,K3,Sedan,5 seats,105,280
2024,2,Toyota,Corolla Cross,SUV,5 seats,99,263
2024,2,Toyota,Yaris Cross,SUV,5 seats,91,373
2024,2,Ford,Ranger CBU,Pick-up,5 seats,85,277
2024,2,Toyota,Avanza,MPV,7 seats,85,212
2024,2,Honda,CR-V (CKD),SUV,7 seats,84,319
2024,2,BUS THACO,Thaco 28 45 seats,Large bus,28 ~ 45 seats,79,212
2024,2,THACO MAZDA,CX-30,SUV,7 seats,78,105
2024,2,Honda,CR-V Hybrid,Hybrid,5 seats,77,112
2024,2,THACO KIA,Sportage,SUV,5 seats,72,185
2024,2,Mitsubishi,Triton,Pick-up,5 seats,70,219
2024,2,THACO MAZDA,CX-3,SUV,5 seats,67,208
2024,2,Hino,HINO,Other Truck,3 seats,67,200
2024,2,Toyota,Camry,Sedan,5 seats,67,142
2024,2,Mitsubishi,Attrage,Sedan,5 seats,67,217
2024,2,Mitsubishi,Xpander (CKD),MPV,7 seats,55,139
2024,2,THACO TRUCK,Thaco dumptruck (SPV),,2 seats,53,79
2024,2,Toyota,Fortuner,SUV,8 seats,52,100
2024,2,Honda,Civic,Sedan,5 seats,42,171
2024,2,THACO KIA,Morning,Hatchback,5 seats,41,109
2024,2,Toyota,Innova,MPV,8 seats,41,103
2024,2,Ford,Explorer,SUV,7 seats,38,140
2024,2,Suzuki,Ertiga Hybrid,Hybrid,7 seats,38,465
2024,2,VINAMOTOR,Hyundai,Large bus Medium truck Light truck Small truck,29-80 Seats,36,63
2024,2,Toyota,Fortuner (CBU),SUV,8 seats,34,49
2024,2,Suzuki,Swift,Hatchback,5 seats,34,132
2024,2,THACO KIA,Sorento,SUV,7 seats,33,92
2024,2,Toyota,Yaris Cross Hybrid,Hybrid,,28,80
2024,2,Mitsubishi,Outlander,SUV,7 seats,27,100
2024,2,Toyota,Innova Cross Hybrid,Hybrid,,24,31
2024,2,Toyota,Corolla,Sedan,5 seats,22,53
2024,2,HYUNDAI HYUNDAI HYUNDAI,Mighty CKD,,3 seats,19,142
2024,2,THACO KIA,Soluto,Sedan,5 seats,19,60
2024,2,Toyota,Landcruiser 200 GX 470,SUV,8 seats,19,35
2024,2,THACO MAZDA,Mazda 6,Sedan,5 seats,18,68
2024,2,THACO KIA,K5,Sedan,5 seats,16,50
2024,2,Toyota,Corolla Hybrid,Hybrid,6 seats,14,32
2024,2,Toyota,Camry Hybrid,Hybrid,,14,42
2024,2,Mitsubishi,Pajero Sport,SUV,7 seats,13,149
2024,2,Honda Honda,Accord,Sedan,5 seats,12,20
2024,2,Isuzu,D-Max,Pick-up,5 seats,11,29
2024,2,Suzuki,Carry Truck,Small truck,2 seats,11,283
2024,2,SAMCO,SAMCO B40 ~ B80,Large bus,40 seats,10,51
2024,2,Toyota,Corolla Cross Hybrid,Hybrid,,7,14
2024,2,SAMCO,SAMCO 24 CN ~ 46CN,Medium bus,27 seats,6,19
2024,2,Isuzu,mu-X,SUV,7 seats,6,25
2024,2,BUS THACO,Minibus,Minibus,,3,20
2024,2,Toyota,Alphard,MPV,7 seats,3,9
2024,2,Suzuki,Super Carry Pro,Small truck,2 seats,3,11
2024,2,Toyota,Alphard Hybrid,Hybrid,8 seats,2,2
2024,2,2. V THACO KIA,AMAsendtomedia_Februa New Sorento HEV/PHEV,ry24 (without VEAM) Hybrid,Page 1 7 seats,1,
2024,2,Toyota,Yaris,Sedan,5 seats,1,8
2024,2,Honda,Civic TypeR,Others,5 seats,,5
2024,2,THACO MAZDA,BT-50,Pick-up,5 seats,,5
2024,2,SAMCO,Car carring truck,Car Carrying Truck (SPV),3 seats,,1
2024,2,SAMCO,Sewage suction truck,Sewage suction truck (SPV),3 seats,,4
2024,2,SAMCO,Garbage compactor truck,Garbage compactor truck (SPV),3 seats,,5
2024,2,Toyota,Innova Cross,MPV,7 seats,,10
2024,2,Suzuki,Ciaz,Sedan,5 seats,,3
2024,1,Mitsubishi,Xpander (CBU),MPV,395,1201,1201
2024,1,Ford,Ranger CKD,Pick-up,335,951,951
2024,1,THACO MAZDA,CX-5,Crossover,422,807,807
2024,1,Honda,HR-V,SUV,305,801,801
2024,1,Ford,Everest,SUV,383,785,785
2024,1,THACO KIA,Sonet,Crossover,344,710,710
2024,1,Toyota,Vios,Sedan,286,653,653
2024,1,THACO KIA,Seltos,Crossover,342,524,524
2024,1,Honda,CITY,Sedan,216,482,482
2024,1,Suzuki,XL7 Jimny,SUV,156,450,450
2024,1,Isuzu,Truck,Other Truck,138,445,445
2024,1,Suzuki,Ertiga Hybrid,Hybrid,102,427,427
2024,1,THACO MAZDA,Mazda3,Sedan,242,398,398
2024,1,Ford,Territory,MPV,160,390,390
2024,1,THACO MAZDA,Mazda2,Sedan,163,372,372
2024,1,THACO KIA,Carnival,MPV,94,339,339
2024,1,Honda,BR-V,MPV,101,328,328
2024,1,THACO TRUCK,Thaco truck,Light truck Dump truck (SPV),85,325,325
2024,1,THACO KIA,Carens,SUV,63,304,304
2024,1,Toyota,Yaris Cross,SUV,100,282,282
2024,1,Suzuki,Carry Truck,Small truck,268,272,272
2024,1,Toyota,Raize,SUV,57,263,263
2024,1,Toyota,Veloz,MPV,59,253,253
2024,1,Ford,Transit,Minibus,106,251,251
2024,1,Honda,CR-V (CKD),SUV,104,235,235
2024,1,THACO PREMIUM,Peugeot SUV,peugeot,102,224,224
2024,1,Ford,Ranger CBU,Pick-up,88,192,192
2024,1,Suzuki,Carry Blind Van,Van,116,188,188
2024,1,THACO KIA,K3,Sedan,90,175,175
2024,1,THACO MAZDA,CX-8,SUV,69,172,172
2024,1,Toyota,Corolla Cross,SUV,79,164,164
2024,1,Mitsubishi,Attrage,Sedan,71,150,150
2024,1,Mitsubishi,Triton,Pick-up,78,149,149
2024,1,Suzuki,Carry Pro CKD,Small truck,108,148,148
2024,1,THACO MAZDA,CX-3,SUV,46,141,141
2024,1,Mitsubishi,Pajero Sport,SUV,117,136,136
2024,1,BUS THACO,Thaco 28 45 seats,Large bus,64,133,133
2024,1,Hino,HINO,Other Truck,49,133,133
2024,1,THACO TRUCK,K2700 (K200),Small truck,73,131,131
2024,1,Honda,Civic,Sedan,21,129,129
2024,1,Toyota,Avanza,MPV,23,127,127
2024,1,HYUNDAI HYUNDAI HYUNDAI,Mighty CKD,,43,123,123
2024,1,THACO TRUCK,K3000 (K250),Small truck,62,122,122
2024,1,THACO KIA,Sportage,SUV,60,113,113
2024,1,Ford,Explorer,SUV,54,102,102
2024,1,Suzuki,Swift,Hatchback,48,98,98
2024,1,Toyota,Wigo,Sedan,29,84,84
2024,1,Mitsubishi,Xpander (CKD),MPV,11,84,84
2024,1,Toyota,Camry,Sedan,29,75,75
2024,1,Mitsubishi,Outlander,SUV,32,73,73
2024,1,THACO KIA,Morning,Hatchback,41,68,68
2024,1,Toyota,Innova,MPV,8,62,62
2024,1,THACO KIA,Sorento,SUV,32,59,59
2024,1,Toyota,Yaris Cross Hybrid,Hybrid,23,52,52
2024,1,THACO MAZDA,Mazda 6,Sedan,17,50,50
2024,1,Toyota,Fortuner,SUV,14,48,48
2024,1,THACO KIA,Soluto,Sedan,23,41,41
2024,1,SAMCO,SAMCO B40 ~ B80,Large bus,11,41,41
2024,1,Honda,CR-V Hybrid,Hybrid,16,35,35
2024,1,THACO KIA,K5,Sedan,10,34,34
2024,1,Toyota,Corolla,Sedan,16,31,31
2024,1,Toyota,Camry Hybrid,Hybrid,8,28,28
2024,1,VINAMOTOR,Hyundai,Large bus Medium truck Light truck Small truck,15,27,27
2024,1,THACO MAZDA,CX-30,SUV,5,27,27
2024,1,THACO TRUCK,Thaco dumptruck (SPV),,11,26,26
2024,1,Isuzu,mu-X,SUV,9,19,19
2024,1,Isuzu,D-Max,Pick-up,11,18,18
2024,1,Toyota,Corolla Hybrid,Hybrid,9,18,18
2024,1,BUS THACO,Minibus,Minibus,2,17,17
2024,1,Toyota,Landcruiser 200 GX 470,SUV,8,16,16
2024,1,Toyota,Fortuner (CBU),SUV,2,15,15
2024,1,SAMCO,SAMCO 24 CN ~ 46CN,Medium bus,11,13,13
2024,1,Toyota,Innova Cross,MPV,2,10,10
2024,1,Honda Honda,Accord,Sedan,2,8,8
2024,1,Suzuki,Super Carry Pro,Small truck,1,8,8
2024,1,Toyota,Innova Cross Hybrid,Hybrid,2,7,7
2024,1,Toyota,Yaris,Sedan,7,7,7
2024,1,Toyota,Corolla Cross Hybrid,Hybrid,,7,7
2024,1,Toyota,Alphard,MPV,1,6,6
2024,1,Honda,Civic TypeR,Others,1,5,5
2024,1,THACO MAZDA,BT-50,Pick-up,,5,5
2024,1,SAMCO,Garbage compactor truck,Garbage compactor truck (SPV),,5,5
2024,1,SAMCO,Sewage suction truck,Sewage suction truck (SPV),,4,4
2024,1,Suzuki,Ciaz,Sedan,,3,3
2024,1,THACO KIA,New Sorento HEV/PHEV,Hybrid,2,2,2
2024,1,SAMCO,Car carring truck,Car Carrying Truck (SPV),,1,1
2024,1,No 1. VA,MVAehsicelen Tdypteomedia_January24 (without VEAM) Pag,,eN o2rth,,
2024,1,SAMCO 1. VA,MPrAisosneern tradnstpoormt veehidcleia_January24,(Pwrisoitnhero truants pVortE vAehMicle) (SPV) Pag,e 1,,
